<?xml version="1.0" encoding="UTF-8"?>
<root>
	<item name="BattleConfig" md5="275aa2dd58b4cb50adf957ccbc5652bb" type="4" size="1445045" xxhash="9b806b"/>
	<item name="BattleFieldOverviewModeExtra" md5="df43d535c8a365c412d61f10538a0dfc" type="4" size="45823" xxhash="81c92c"/>
	<item name="Document" md5="27be7088bb96c5f6e2e53445a146785d" type="4" size="7984745" xxhash="b7e752"/>
	<item name="ExtralResConfig" md5="97ecc27a7af3aa192af741e26a7b345f" type="4" size="4835" xxhash="3e0cf6"/>
	<item name="GameResAlternative" md5="da4185e2720b11fd0dd6de4b553ceea4" type="4" size="416910" xxhash="d99c8a"/>
	<item name="GameResConfig" md5="def7c4052b4b6ebec0ce626c352d28f0" type="4" size="33334" xxhash="49ed6a"/>
	<item name="GuideModeExtra" md5="77b4c95722a8f3d6e3c14f10b27813f6" type="4" size="8099" xxhash="39663c"/>
	<item name="InPackFileVar" md5="44115d18727337e59986b2abe09cdc03" type="4" size="1243" xxhash="d4321a"/>
	<item name="InPackFile_and" md5="8f0a2dc4903f5a55f919901db12a798e" type="4" size="14235" xxhash="74b8e4"/>
	<item name="LoadingDownloadRes" md5="a2b75b7bba9e33a1d06f5c32bf7e4e36" type="4" size="3205" xxhash="08a271"/>
	<item name="LoadingDownloadResHigh" md5="08005b21a7408f8f51be22ae5adea781" type="4" size="3223" xxhash="19f391"/>
	<item name="LoadingDownloadResHigh_xxh" md5="c8063a2e53df462543fcb1d68417b9f9" type="4" size="3210" xxhash="d90ffd"/>
	<item name="LoadingDownloadRes_xxh" md5="e5c3644764ad4f0e0c65ff2b487dac17" type="4" size="3220" xxhash="992bfa"/>
	<item name="LoadResMgrHigh_and" md5="b57998a5b811914cc511757e7e79ca9d" type="4" size="1711" xxhash="5e111f"/>
	<item name="LoadResMgrHigh_xxh_and" md5="11d42186a93aa0e2a3a23092bc6df051" type="4" size="1706" xxhash="07e420"/>
	<item name="LoadResMgr_and" md5="0dfa8bf2f539649a16bf48d5a02534ed" type="4" size="1700" xxhash="6aa43f"/>
	<item name="LoadResMgr_xxh_and" md5="be1cef0290a5071db0c2476442f6dabe" type="4" size="1708" xxhash="b6d0f4"/>
	<item name="ModuleIDConfig" md5="5d58a7c10ba889bb8f7890e1fd5528e3" type="4" size="10495" xxhash="fada08"/>
	<item name="ResCheckConf" md5="67834ccdc3d21bb2f23ede38e0dc13ed" type="4" size="47749" xxhash="ab0c78"/>
	<item name="ArtResource" md5="bffd88a4e92efa0055727ee6c84b0afa" type="1" size="29350159" xxhash="881218"/>
	<item name="BaseDepend" md5="44ac2f37df130ebac6881e8f0d4d6afb" type="1" size="354133" xxhash="ef3738"/>
	<item name="HeroTextureDepend" md5="5f17171012281746145f6e061d57f49c" type="1" size="270789" xxhash="7d7385"/>
	<item name="InBattleDepend" md5="76e9fffa79cfe3d76007e998c448782c" type="1" size="1900760" xxhash="867b38"/>
	<item name="OutBattleDepend" md5="d2405e49f4fc343df119f5a13e4243f6" type="1" size="41043" xxhash="7b2830"/>
	<item name="ShaderVariants" md5="1e47f21ba4a77be6e6c4e220bec7f61e" type="1" size="5952593" xxhash="0317ad"/>
	<item name="ShaderVariantsInBattle" md5="bf87db819893c466654632a913d71b0b" type="1" size="60161" xxhash="e33a57"/>
	<item name="Atlas_AchievementBase" md5="" type="0" size="244278" xxhash=""/>
	<item name="Atlas_Activity" md5="" type="0" size="76803" xxhash=""/>
	<item name="Atlas_Activity01" md5="" type="0" size="197194" xxhash=""/>
	<item name="Atlas_ActivityBG" md5="" type="0" size="127952" xxhash=""/>
	<item name="Atlas_ActivityReturningBG" md5="" type="0" size="232990" xxhash=""/>
	<item name="Atlas_Activity_LatinAmerica_newbie" md5="" type="0" size="23387" xxhash=""/>
	<item name="Atlas_Activity_LatinAmerica_newbielogin" md5="" type="0" size="287646" xxhash=""/>
	<item name="Atlas_Activity_LatinAmerica_newbielogin01" md5="" type="0" size="192213" xxhash=""/>
	<item name="Atlas_Activity_LatinAmerica_newbielogin02" md5="" type="0" size="173551" xxhash=""/>
	<item name="Atlas_Advertisement" md5="" type="0" size="306610" xxhash=""/>
	<item name="Atlas_BasicInformation" md5="" type="0" size="333162" xxhash=""/>
	<item name="Atlas_BattleEffect" md5="" type="0" size="60478" xxhash=""/>
	<item name="Atlas_BattleEffect_Hero51" md5="" type="0" size="16376" xxhash=""/>
	<item name="Atlas_BattleGround" md5="" type="0" size="460910" xxhash=""/>
	<item name="Atlas_BattleLoading" md5="" type="0" size="340987" xxhash=""/>
	<item name="Atlas_BattleSelMode" md5="" type="0" size="292310" xxhash=""/>
	<item name="Atlas_BattleSystem" md5="" type="0" size="248168" xxhash=""/>
	<item name="Atlas_Clearing" md5="" type="0" size="305705" xxhash=""/>
	<item name="Atlas_CommonBG" md5="" type="0" size="931803" xxhash=""/>
	<item name="Atlas_CommonUI" md5="" type="0" size="375273" xxhash=""/>
	<item name="Atlas_DailyTaskNew" md5="" type="0" size="172429" xxhash=""/>
	<item name="Atlas_DownloadResource" md5="" type="0" size="19060" xxhash=""/>
	<item name="Atlas_DownloadResource_Icon" md5="" type="0" size="11950" xxhash=""/>
	<item name="Atlas_Emblem" md5="" type="0" size="182381" xxhash=""/>
	<item name="Atlas_Emblem2023" md5="" type="0" size="249625" xxhash=""/>
	<item name="Atlas_Emblem2023_Battle" md5="" type="0" size="135977" xxhash=""/>
	<item name="Atlas_EmblemSkill" md5="" type="0" size="137371" xxhash=""/>
	<item name="Atlas_EquipIcon" md5="" type="0" size="466413" xxhash=""/>
	<item name="Atlas_EquipIcon02" md5="" type="0" size="345505" xxhash=""/>
	<item name="Atlas_FlyText" md5="" type="0" size="15439" xxhash=""/>
	<item name="Atlas_GuangGao" md5="" type="0" size="40501" xxhash=""/>
	<item name="Atlas_Guide" md5="" type="0" size="251558" xxhash=""/>
	<item name="Atlas_Guide01_DT" md5="" type="0" size="286615" xxhash=""/>
	<item name="Atlas_Guide02" md5="" type="0" size="82529" xxhash=""/>
	<item name="Atlas_Guide03" md5="" type="0" size="16821" xxhash=""/>
	<item name="Atlas_GuideLoading02" md5="" type="0" size="301659" xxhash=""/>
	<item name="Atlas_GuideLoading05" md5="" type="0" size="305609" xxhash=""/>
	<item name="Atlas_GuideLoadingNew" md5="" type="0" size="293682" xxhash=""/>
	<item name="Atlas_Guide_LegendaryRoad" md5="" type="0" size="168456" xxhash=""/>
	<item name="Atlas_HeadIcon" md5="" type="0" size="411199" xxhash=""/>
	<item name="Atlas_HeadIcon02" md5="" type="0" size="113155" xxhash=""/>
	<item name="Atlas_HeadInfo" md5="" type="0" size="32821" xxhash=""/>
	<item name="Atlas_HeroIcon" md5="" type="0" size="430948" xxhash=""/>
	<item name="Atlas_Hero_Head" md5="" type="0" size="1030607" xxhash=""/>
	<item name="Atlas_ItemIcon" md5="" type="0" size="459012" xxhash=""/>
	<item name="Atlas_LatinAmerica_LegendaryRoad" md5="" type="0" size="485331" xxhash=""/>
	<item name="Atlas_LatinAmerica_LegendaryRoad01" md5="" type="0" size="131115" xxhash=""/>
	<item name="Atlas_LatinAmerica_LegendaryRoad02" md5="" type="0" size="280428" xxhash=""/>
	<item name="Atlas_LatinNewHand_Heropic04" md5="" type="0" size="268290" xxhash=""/>
	<item name="Atlas_MainInterface_Fortifications03" md5="" type="0" size="319483" xxhash=""/>
	<item name="Atlas_MainInterface_Fortifications08" md5="" type="0" size="157088" xxhash=""/>
	<item name="Atlas_MainInterface_Fortificationsnew" md5="" type="0" size="353049" xxhash=""/>
	<item name="Atlas_MainInterface_Fortificationsnew2" md5="" type="0" size="168490" xxhash=""/>
	<item name="Atlas_MainNewBGXinTuJi" md5="" type="0" size="10079" xxhash=""/>
	<item name="Atlas_MainNewUIXinShouLiuCheng" md5="" type="0" size="241331" xxhash=""/>
	<item name="Atlas_MainNewUIXinShouLiuCheng01" md5="" type="0" size="260947" xxhash=""/>
	<item name="Atlas_MainUI" md5="" type="0" size="401529" xxhash=""/>
	<item name="Atlas_Matching" md5="" type="0" size="182186" xxhash=""/>
	<item name="Atlas_Menu" md5="" type="0" size="95407" xxhash=""/>
	<item name="Atlas_MmrIcon" md5="" type="0" size="35584" xxhash=""/>
	<item name="Atlas_NationalFlag" md5="" type="0" size="249806" xxhash=""/>
	<item name="Atlas_NewRankingBuySkin" md5="" type="0" size="84805" xxhash=""/>
	<item name="Atlas_OneHeroIcon01" md5="" type="0" size="133173" xxhash=""/>
	<item name="Atlas_OneHeroIcon02" md5="" type="0" size="130551" xxhash=""/>
	<item name="Atlas_OneHeroIcon04" md5="" type="0" size="61791" xxhash=""/>
	<item name="Atlas_OneHeroIcon07" md5="" type="0" size="84448" xxhash=""/>
	<item name="Atlas_OneHeroIcon16" md5="" type="0" size="126061" xxhash=""/>
	<item name="Atlas_OneHeroIcon28" md5="" type="0" size="47504" xxhash=""/>
	<item name="Atlas_OneHeroIcon30" md5="" type="0" size="85614" xxhash=""/>
	<item name="Atlas_OneHeroIconHead01" md5="" type="0" size="132133" xxhash=""/>
	<item name="Atlas_OneHeroIconHead02" md5="" type="0" size="130832" xxhash=""/>
	<item name="Atlas_OneHeroIconHead03" md5="" type="0" size="144998" xxhash=""/>
	<item name="Atlas_OneHeroIconHead04" md5="" type="0" size="89482" xxhash=""/>
	<item name="Atlas_OneHeroIconHead05" md5="" type="0" size="53816" xxhash=""/>
	<item name="Atlas_RankIcon" md5="" type="0" size="374283" xxhash=""/>
	<item name="Atlas_Returning2023_01" md5="" type="0" size="193290" xxhash=""/>
	<item name="Atlas_Returning2023_Signln" md5="" type="0" size="212754" xxhash=""/>
	<item name="Atlas_Returning2023_SignlnBg" md5="" type="0" size="99387" xxhash=""/>
	<item name="Atlas_RuneIcon" md5="" type="0" size="188123" xxhash=""/>
	<item name="Atlas_ServerList" md5="" type="0" size="76723" xxhash=""/>
	<item name="Atlas_SkillIcon" md5="" type="0" size="494330" xxhash=""/>
	<item name="Atlas_SkillIcon2" md5="" type="0" size="127897" xxhash=""/>
	<item name="Atlas_ThinkChange" md5="" type="0" size="4503" xxhash=""/>
	<item name="Atlas_UIFrame" md5="" type="0" size="119284" xxhash=""/>
	<item name="Atlas_UIFrame2" md5="" type="0" size="171292" xxhash=""/>
	<item name="FlyFont" md5="" type="0" size="18076" xxhash=""/>
	<item name="FlyFont_CN" md5="" type="0" size="17343" xxhash=""/>
	<item name="Font_01" md5="" type="0" size="7077" xxhash=""/>
	<item name="Hero000" md5="" type="0" size="3441" xxhash=""/>
	<item name="Hero011" md5="" type="0" size="57385" xxhash=""/>
	<item name="Hero021" md5="" type="0" size="60809" xxhash=""/>
	<item name="Hero031" md5="" type="0" size="63578" xxhash=""/>
	<item name="Hero071" md5="" type="0" size="65595" xxhash=""/>
	<item name="Hero151" md5="" type="0" size="56657" xxhash=""/>
	<item name="Hero161" md5="" type="0" size="58206" xxhash=""/>
	<item name="Hero181" md5="" type="0" size="60665" xxhash=""/>
	<item name="Hero351" md5="" type="0" size="62910" xxhash=""/>
	<item name="Hero381" md5="" type="0" size="50630" xxhash=""/>
	<item name="Hero40601" md5="" type="0" size="63643" xxhash=""/>
	<item name="Hero601" md5="" type="0" size="63648" xxhash=""/>
	<item name="Hero851" md5="" type="0" size="60748" xxhash=""/>
	<item name="Tower000" md5="" type="0" size="3872" xxhash=""/>
	<item name="UI_Account" md5="" type="0" size="11972" xxhash=""/>
	<item name="UI_AccountBind" md5="" type="0" size="6350" xxhash=""/>
	<item name="UI_AccountBinding" md5="" type="0" size="16078" xxhash=""/>
	<item name="UI_AccountBindNotice" md5="" type="0" size="12882" xxhash=""/>
	<item name="UI_AccountConter_OffLineTip" md5="" type="0" size="9269" xxhash=""/>
	<item name="UI_AccountWarning" md5="" type="0" size="8265" xxhash=""/>
	<item name="UI_AchievementAward" md5="" type="0" size="8607" xxhash=""/>
	<item name="UI_AchievementAwardListitem" md5="" type="0" size="8581" xxhash=""/>
	<item name="UI_AchievementDetail" md5="" type="0" size="19624" xxhash=""/>
	<item name="UI_AchievementListItem_New" md5="" type="0" size="13485" xxhash=""/>
	<item name="UI_AchievementListItem_Path" md5="" type="0" size="10845" xxhash=""/>
	<item name="UI_AchievementShare" md5="" type="0" size="18097" xxhash=""/>
	<item name="UI_AchievementShow" md5="" type="0" size="5517" xxhash=""/>
	<item name="UI_Achievement_DIY" md5="" type="0" size="24392" xxhash=""/>
	<item name="UI_Achievement_New" md5="" type="0" size="35888" xxhash=""/>
	<item name="UI_Achievement_PathList" md5="" type="0" size="5460" xxhash=""/>
	<item name="UI_ActiveLink" md5="" type="0" size="9292" xxhash=""/>
	<item name="UI_Activity" md5="" type="0" size="24362" xxhash=""/>
	<item name="UI_ActivityAccountBinding" md5="" type="0" size="7572" xxhash=""/>
	<item name="UI_ActivityAd02" md5="" type="0" size="9991" xxhash=""/>
	<item name="UI_ActivityAwardPool_New" md5="" type="0" size="36651" xxhash=""/>
	<item name="UI_ActivityBespeak_NEW" md5="" type="0" size="13337" xxhash=""/>
	<item name="UI_ActivityBindAccountInvite" md5="" type="0" size="10163" xxhash=""/>
	<item name="UI_ActivityBugReport" md5="" type="0" size="6643" xxhash=""/>
	<item name="UI_ActivityClock" md5="" type="0" size="16636" xxhash=""/>
	<item name="UI_ActivityDiamondAward" md5="" type="0" size="10070" xxhash=""/>
	<item name="UI_ActivityDiamondAwardShow" md5="" type="0" size="7512" xxhash=""/>
	<item name="UI_ActivityDiamondAwardShow_fullsc" md5="" type="0" size="9376" xxhash=""/>
	<item name="UI_ActivityDiamondRecord" md5="" type="0" size="9123" xxhash=""/>
	<item name="UI_ActivityDiamondTreasury" md5="" type="0" size="11537" xxhash=""/>
	<item name="UI_ActivityDiamondTreasury_fullsc" md5="" type="0" size="14431" xxhash=""/>
	<item name="UI_ActivityGifts" md5="" type="0" size="12855" xxhash=""/>
	<item name="UI_ActivityGoRate" md5="" type="0" size="11414" xxhash=""/>
	<item name="UI_ActivityGroupBuy" md5="" type="0" size="11728" xxhash=""/>
	<item name="UI_ActivityGrowthPlan" md5="" type="0" size="9999" xxhash=""/>
	<item name="UI_ActivityHelp" md5="" type="0" size="11180" xxhash=""/>
	<item name="UI_ActivityHot" md5="" type="0" size="17118" xxhash=""/>
	<item name="UI_ActivityInviteFriend" md5="" type="0" size="9720" xxhash=""/>
	<item name="UI_ActivityIOWindow" md5="" type="0" size="19358" xxhash=""/>
	<item name="UI_ActivityKickBall" md5="" type="0" size="14798" xxhash=""/>
	<item name="UI_ActivityMatchSell" md5="" type="0" size="10223" xxhash=""/>
	<item name="UI_ActivityMonthSignIn" md5="" type="0" size="13250" xxhash=""/>
	<item name="UI_ActivityMsc" md5="" type="0" size="6858" xxhash=""/>
	<item name="UI_ActivityNewVersionExp" md5="" type="0" size="18947" xxhash=""/>
	<item name="UI_ActivityNewVersionExp_Notice" md5="" type="0" size="9009" xxhash=""/>
	<item name="UI_ActivityPropagandaScore_Entrance" md5="" type="0" size="7428" xxhash=""/>
	<item name="UI_ActivityPropagandaScore_Window" md5="" type="0" size="10540" xxhash=""/>
	<item name="UI_ActivityRecruit" md5="" type="0" size="10829" xxhash=""/>
	<item name="UI_ActivityRegionDraw" md5="" type="0" size="14051" xxhash=""/>
	<item name="UI_ActivityReturning" md5="" type="0" size="29107" xxhash=""/>
	<item name="UI_ActivityReturningFace" md5="" type="0" size="11877" xxhash=""/>
	<item name="UI_ActivityReturningoff" md5="" type="0" size="9302" xxhash=""/>
	<item name="UI_ActivityReturningPrivilege" md5="" type="0" size="7921" xxhash=""/>
	<item name="UI_ActivityReturningSell" md5="" type="0" size="10959" xxhash=""/>
	<item name="UI_ActivityReturningwelface" md5="" type="0" size="9488" xxhash=""/>
	<item name="UI_ActivityReturning_Reward2" md5="" type="0" size="10859" xxhash=""/>
	<item name="UI_ActivityReturning_Reward2_Hero" md5="" type="0" size="10536" xxhash=""/>
	<item name="UI_ActivityReturning_Reward3" md5="" type="0" size="14671" xxhash=""/>
	<item name="UI_ActivityReturning_Reward4" md5="" type="0" size="6016" xxhash=""/>
	<item name="UI_ActivityReturning_Reward4_Friend" md5="" type="0" size="10177" xxhash=""/>
	<item name="UI_ActivityReturning_Reward4_HeroRate" md5="" type="0" size="12358" xxhash=""/>
	<item name="UI_ActivityReturning_Reward5" md5="" type="0" size="17443" xxhash=""/>
	<item name="UI_ActivityReturning_Reward5_Pop" md5="" type="0" size="8855" xxhash=""/>
	<item name="UI_ActivityReturnThirtyDay" md5="" type="0" size="10545" xxhash=""/>
	<item name="UI_ActivitySevendaylogin01" md5="" type="0" size="22605" xxhash=""/>
	<item name="UI_ActivitySkirmish" md5="" type="0" size="26477" xxhash=""/>
	<item name="UI_ActivitySurvey" md5="" type="0" size="17045" xxhash=""/>
	<item name="UI_ActivitySurveyNew" md5="" type="0" size="10455" xxhash=""/>
	<item name="UI_ActivitySurveyWindow" md5="" type="0" size="30314" xxhash=""/>
	<item name="UI_ActivityTeamSkin" md5="" type="0" size="12572" xxhash=""/>
	<item name="UI_ActivityTimedLogin" md5="" type="0" size="7343" xxhash=""/>
	<item name="UI_ActivityTowerDefence" md5="" type="0" size="13832" xxhash=""/>
	<item name="UI_ActivityTreeHero" md5="" type="0" size="16782" xxhash=""/>
	<item name="UI_ActivityTreeHeroShare" md5="" type="0" size="11277" xxhash=""/>
	<item name="UI_ActivityUpdate" md5="" type="0" size="7411" xxhash=""/>
	<item name="UI_ActivityUpdateNotice" md5="" type="0" size="7733" xxhash=""/>
	<item name="UI_ActivityUpdate_AwardShow" md5="" type="0" size="11649" xxhash=""/>
	<item name="UI_ActivityUpdate_Fullsc" md5="" type="0" size="17846" xxhash=""/>
	<item name="UI_Activity_Benefit" md5="" type="0" size="10720" xxhash=""/>
	<item name="UI_Activity_BenefitTest" md5="" type="0" size="12909" xxhash=""/>
	<item name="UI_Activity_LatinAmerica_LegendaryRoad" md5="" type="0" size="35874" xxhash=""/>
	<item name="UI_Activity_LatinAmerica_newbie" md5="" type="0" size="12234" xxhash=""/>
	<item name="UI_Activity_LatinAmerica_newbielogin_V1" md5="" type="0" size="27279" xxhash=""/>
	<item name="UI_Activity_RedPocket" md5="" type="0" size="5458" xxhash=""/>
	<item name="UI_Activity_TIKTOK_Bind" md5="" type="0" size="9998" xxhash=""/>
	<item name="UI_Activity_VoteGoWindow" md5="" type="0" size="9043" xxhash=""/>
	<item name="UI_Activity_VoteWindow" md5="" type="0" size="12419" xxhash=""/>
	<item name="UI_AddFriend" md5="" type="0" size="9207" xxhash=""/>
	<item name="UI_AddFriendRequest" md5="" type="0" size="14669" xxhash=""/>
	<item name="UI_AddFriendTips" md5="" type="0" size="12233" xxhash=""/>
	<item name="UI_AddictionTanChuang" md5="" type="0" size="10631" xxhash=""/>
	<item name="UI_AdsMonetization_InternalVideo" md5="" type="0" size="9150" xxhash=""/>
	<item name="UI_AdvanceDownload" md5="" type="0" size="17860" xxhash=""/>
	<item name="UI_Advertisement" md5="" type="0" size="17688" xxhash=""/>
	<item name="UI_AFKpunish" md5="" type="0" size="12021" xxhash=""/>
	<item name="UI_AFKQuestion" md5="" type="0" size="13723" xxhash=""/>
	<item name="UI_AllClaim_Rule" md5="" type="0" size="11138" xxhash=""/>
	<item name="UI_AllItemUse" md5="" type="0" size="9674" xxhash=""/>
	<item name="UI_AnnouncementNew" md5="" type="0" size="14551" xxhash=""/>
	<item name="UI_AntiAddiction" md5="" type="0" size="11515" xxhash=""/>
	<item name="UI_AppealFeedback" md5="" type="0" size="9053" xxhash=""/>
	<item name="UI_AppealPrompt" md5="" type="0" size="13375" xxhash=""/>
	<item name="UI_Apply" md5="" type="0" size="23091" xxhash=""/>
	<item name="UI_ARCard" md5="" type="0" size="34541" xxhash=""/>
	<item name="UI_ArenaListItem" md5="" type="0" size="10625" xxhash=""/>
	<item name="UI_ArenaListItem_Vertical" md5="" type="0" size="10514" xxhash=""/>
	<item name="UI_AttriUpdate" md5="" type="0" size="5065" xxhash=""/>
	<item name="UI_AttrPanel" md5="" type="0" size="15077" xxhash=""/>
	<item name="UI_Authorize_TikTokTips" md5="" type="0" size="12651" xxhash=""/>
	<item name="UI_AutoClear_Switch" md5="" type="0" size="15245" xxhash=""/>
	<item name="UI_Award" md5="" type="0" size="19361" xxhash=""/>
	<item name="UI_AwardSelect" md5="" type="0" size="9822" xxhash=""/>
	<item name="UI_AwardShow" md5="" type="0" size="11065" xxhash=""/>
	<item name="UI_AwardThreeChooseOne" md5="" type="0" size="12106" xxhash=""/>
	<item name="UI_AwardThreeChooseTwo" md5="" type="0" size="20157" xxhash=""/>
	<item name="UI_Award_callnew" md5="" type="0" size="16007" xxhash=""/>
	<item name="UI_Award_Chatbg" md5="" type="0" size="16178" xxhash=""/>
	<item name="UI_Award_lua" md5="" type="0" size="10784" xxhash=""/>
	<item name="UI_BackAward" md5="" type="0" size="15501" xxhash=""/>
	<item name="UI_BackFriend" md5="" type="0" size="11445" xxhash=""/>
	<item name="UI_Bag" md5="" type="0" size="29358" xxhash=""/>
	<item name="UI_BanList" md5="" type="0" size="10219" xxhash=""/>
	<item name="UI_BasicInformation" md5="" type="0" size="21764" xxhash=""/>
	<item name="UI_BasicInformation_Account" md5="" type="0" size="51084" xxhash=""/>
	<item name="UI_BasicInformation_AccountConter" md5="" type="0" size="16487" xxhash=""/>
	<item name="UI_BasicInformation_AccountConter_LoginHistory" md5="" type="0" size="10523" xxhash=""/>
	<item name="UI_BasicInformation_AccountConter_Manage" md5="" type="0" size="13068" xxhash=""/>
	<item name="UI_BasicInformation_AccountConter_Manage_1" md5="" type="0" size="13387" xxhash=""/>
	<item name="UI_BasicInformation_AccountConter_Unbind" md5="" type="0" size="13343" xxhash=""/>
	<item name="UI_BasicInformation_AccountConter_UnbindEnter" md5="" type="0" size="9639" xxhash=""/>
	<item name="UI_BasicInformation_AccountConter_UnbindSelect" md5="" type="0" size="8704" xxhash=""/>
	<item name="UI_BasicInformation_AccountProtection" md5="" type="0" size="13486" xxhash=""/>
	<item name="UI_BasicInformation_CHILD_m_ButtonList" md5="" type="0" size="26006" xxhash=""/>
	<item name="UI_BasicInformation_CHILD_m_honorUI" md5="" type="0" size="56202" xxhash=""/>
	<item name="UI_BasicInformation_CHILD_m_PageRoot" md5="" type="0" size="2440" xxhash=""/>
	<item name="UI_BasicInformation_CHILD_m_PlayersPhoto" md5="" type="0" size="15153" xxhash=""/>
	<item name="UI_BasicInformation_CHILD_m_SelfCard" md5="" type="0" size="24673" xxhash=""/>
	<item name="UI_BasicInformation_CHILD_m_ToolBarTR" md5="" type="0" size="19794" xxhash=""/>
	<item name="UI_BasicInformation_CombatInformation" md5="" type="0" size="25441" xxhash=""/>
	<item name="UI_BasicInformation_CreditValue" md5="" type="0" size="25969" xxhash=""/>
	<item name="UI_BasicInformation_DegreeShowWindow" md5="" type="0" size="17946" xxhash=""/>
	<item name="UI_BasicInformation_ExchangeModel" md5="" type="0" size="26637" xxhash=""/>
	<item name="UI_BasicInformation_GenderType" md5="" type="0" size="8550" xxhash=""/>
	<item name="UI_BasicInformation_HeroInformation" md5="" type="0" size="43457" xxhash=""/>
	<item name="UI_BasicInformation_HistoryRecord" md5="" type="0" size="13837" xxhash=""/>
	<item name="UI_BasicInformation_personal" md5="" type="0" size="30313" xxhash=""/>
	<item name="UI_BasicInformation_personalSet" md5="" type="0" size="27078" xxhash=""/>
	<item name="UI_BasicInformation_persona_TagSet" md5="" type="0" size="10275" xxhash=""/>
	<item name="UI_BasicInformation_ShareWindow" md5="" type="0" size="13644" xxhash=""/>
	<item name="UI_BasicInformation_SkinShow" md5="" type="0" size="17410" xxhash=""/>
	<item name="UI_BasicInformation_SkinShow_2" md5="" type="0" size="19814" xxhash=""/>
	<item name="UI_BasicInformation_SkinSystem" md5="" type="0" size="38381" xxhash=""/>
	<item name="UI_BattleAchievementShare" md5="" type="0" size="32236" xxhash=""/>
	<item name="UI_BattleAniEmoji" md5="" type="0" size="26573" xxhash=""/>
	<item name="UI_BattleAniEmojiGetShow" md5="" type="0" size="10853" xxhash=""/>
	<item name="UI_BattleAnim_HeroList" md5="" type="0" size="18204" xxhash=""/>
	<item name="UI_BattleAnim_HeroShow" md5="" type="0" size="14321" xxhash=""/>
	<item name="UI_BattleBgEffect" md5="" type="0" size="8492" xxhash=""/>
	<item name="UI_BattleCamera" md5="" type="0" size="11081" xxhash=""/>
	<item name="UI_BattleChat" md5="" type="0" size="89440" xxhash=""/>
	<item name="UI_BattleExperienceReport" md5="" type="0" size="9519" xxhash=""/>
	<item name="UI_BattleGiftSkill_HeroShow" md5="" type="0" size="24225" xxhash=""/>
	<item name="UI_BattleHeroNearby" md5="" type="0" size="9671" xxhash=""/>
	<item name="UI_BattleInfo" md5="" type="0" size="27760" xxhash=""/>
	<item name="UI_BattleLines" md5="" type="0" size="6153" xxhash=""/>
	<item name="UI_BattleLoading" md5="" type="0" size="24433" xxhash=""/>
	<item name="UI_BattleLoadingItem" md5="" type="0" size="30601" xxhash=""/>
	<item name="UI_BattleLoading_DayBreakLoading" md5="" type="0" size="10039" xxhash=""/>
	<item name="UI_BattleLoading_EvolutionLoading" md5="" type="0" size="7147" xxhash=""/>
	<item name="UI_BattleLoading_GuideLoading" md5="" type="0" size="58353" xxhash=""/>
	<item name="UI_BattleLoading_Scramble" md5="" type="0" size="12551" xxhash=""/>
	<item name="UI_BattleMessage" md5="" type="0" size="21145" xxhash=""/>
	<item name="UI_BattleMessageGift" md5="" type="0" size="6460" xxhash=""/>
	<item name="UI_BattlePerformanceGet" md5="" type="0" size="10200" xxhash=""/>
	<item name="UI_BattlePerformance_HeroShow" md5="" type="0" size="121982" xxhash=""/>
	<item name="UI_BattlePerformance_HeroShow60dev" md5="" type="0" size="155897" xxhash=""/>
	<item name="UI_BattlePickupEquip" md5="" type="0" size="13906" xxhash=""/>
	<item name="UI_BattlePlan" md5="" type="0" size="22848" xxhash=""/>
	<item name="UI_BattlePlanReplace" md5="" type="0" size="21048" xxhash=""/>
	<item name="UI_BattlePlanWindow" md5="" type="0" size="16309" xxhash=""/>
	<item name="UI_BattlePlanWindow_HotList" md5="" type="0" size="23204" xxhash=""/>
	<item name="UI_BattlePlanWindow_List" md5="" type="0" size="18608" xxhash=""/>
	<item name="UI_BattlePlan_HotList" md5="" type="0" size="22632" xxhash=""/>
	<item name="UI_BattlePlan_List" md5="" type="0" size="16207" xxhash=""/>
	<item name="UI_BattleRecEquip" md5="" type="0" size="13548" xxhash=""/>
	<item name="UI_BattleReconnectTip" md5="" type="0" size="5614" xxhash=""/>
	<item name="UI_BattleRenderQ" md5="" type="0" size="3808" xxhash=""/>
	<item name="UI_BattleSetup" md5="" type="0" size="24161" xxhash=""/>
	<item name="UI_BattleShop" md5="" type="0" size="94708" xxhash=""/>
	<item name="UI_BattleShowEncourage" md5="" type="0" size="18115" xxhash=""/>
	<item name="UI_BattleShowMessage" md5="" type="0" size="12637" xxhash=""/>
	<item name="UI_BattleTask" md5="" type="0" size="50676" xxhash=""/>
	<item name="UI_BattleTeammate" md5="" type="0" size="24922" xxhash=""/>
	<item name="UI_BattleTips" md5="" type="0" size="6127" xxhash=""/>
	<item name="UI_Bgm" md5="" type="0" size="7393" xxhash=""/>
	<item name="UI_BgmFix" md5="" type="0" size="14236" xxhash=""/>
	<item name="UI_Big_Award" md5="" type="0" size="10879" xxhash=""/>
	<item name="UI_BindAccountAwardShow" md5="" type="0" size="11658" xxhash=""/>
	<item name="UI_blackscreen" md5="" type="0" size="5295" xxhash=""/>
	<item name="UI_BoxAward" md5="" type="0" size="4254" xxhash=""/>
	<item name="UI_Button_Hero01" md5="" type="0" size="13342" xxhash=""/>
	<item name="UI_Button_Hero02" md5="" type="0" size="13769" xxhash=""/>
	<item name="UI_BuySkin" md5="" type="0" size="12950" xxhash=""/>
	<item name="UI_BuySkinTrialCard" md5="" type="0" size="8798" xxhash=""/>
	<item name="UI_CardMode" md5="" type="0" size="8456" xxhash=""/>
	<item name="UI_CDKey" md5="" type="0" size="9203" xxhash=""/>
	<item name="UI_Certification" md5="" type="0" size="7343" xxhash=""/>
	<item name="UI_Champion" md5="" type="0" size="45649" xxhash=""/>
	<item name="UI_ChangeChatBG" md5="" type="0" size="13271" xxhash=""/>
	<item name="UI_ChangeEquipPlanName" md5="" type="0" size="8990" xxhash=""/>
	<item name="UI_ChangeEquipPlanNameTag" md5="" type="0" size="12919" xxhash=""/>
	<item name="UI_ChangeHead" md5="" type="0" size="26087" xxhash=""/>
	<item name="UI_ChangeLocation" md5="" type="0" size="15776" xxhash=""/>
	<item name="UI_ChangeName" md5="" type="0" size="9873" xxhash=""/>
	<item name="UI_ChangeNameColour" md5="" type="0" size="12408" xxhash=""/>
	<item name="UI_ChangePic" md5="" type="0" size="12037" xxhash=""/>
	<item name="UI_ChangeRoleWindow" md5="" type="0" size="11024" xxhash=""/>
	<item name="UI_ChangeTitle" md5="" type="0" size="18837" xxhash=""/>
	<item name="UI_ChanHighAddDate" md5="" type="0" size="13396" xxhash=""/>
	<item name="UI_ChanHighAddDate_Confirm" md5="" type="0" size="8102" xxhash=""/>
	<item name="UI_ChanHighAddDate_HeroShow" md5="" type="0" size="7596" xxhash=""/>
	<item name="UI_ChargeMoney" md5="" type="0" size="11288" xxhash=""/>
	<item name="UI_ChargeMoneyItem" md5="" type="0" size="8626" xxhash=""/>
	<item name="UI_ChargeMoneyNew" md5="" type="0" size="8776" xxhash=""/>
	<item name="UI_Charge_Ad" md5="" type="0" size="8893" xxhash=""/>
	<item name="UI_Charge_FirstCharge_2" md5="" type="0" size="44989" xxhash=""/>
	<item name="UI_Charge_GrowthPlan" md5="" type="0" size="14453" xxhash=""/>
	<item name="UI_Charge_Interface" md5="" type="0" size="19607" xxhash=""/>
	<item name="UI_Charge_RenewCharge" md5="" type="0" size="18298" xxhash=""/>
	<item name="UI_Charge_SeasonCharge" md5="" type="0" size="21106" xxhash=""/>
	<item name="UI_Charge_SpecialBundle" md5="" type="0" size="10605" xxhash=""/>
	<item name="UI_Chat" md5="" type="0" size="84391" xxhash=""/>
	<item name="UI_ChatList" md5="" type="0" size="22337" xxhash=""/>
	<item name="UI_ChatTeam_Information" md5="" type="0" size="20928" xxhash=""/>
	<item name="UI_ChatTeam_Item" md5="" type="0" size="16960" xxhash=""/>
	<item name="UI_ChatTeam_Route" md5="" type="0" size="18545" xxhash=""/>
	<item name="UI_Chat_Friend" md5="" type="0" size="13672" xxhash=""/>
	<item name="UI_ChessListItem" md5="" type="0" size="16057" xxhash=""/>
	<item name="UI_ChessListItem_Vertical" md5="" type="0" size="14142" xxhash=""/>
	<item name="UI_ChooseBasicMode" md5="" type="0" size="91911" xxhash=""/>
	<item name="UI_ChoosebpComplement" md5="" type="0" size="15881" xxhash=""/>
	<item name="UI_ChooseHero" md5="" type="0" size="313972" xxhash=""/>
	<item name="UI_ChooseHeroBP" md5="" type="0" size="299364" xxhash=""/>
	<item name="UI_ChooseLane" md5="" type="0" size="84730" xxhash=""/>
	<item name="UI_ChooseMap" md5="" type="0" size="21948" xxhash=""/>
	<item name="UI_ChooseMode03" md5="" type="0" size="14681" xxhash=""/>
	<item name="UI_ChooseModeInRoom" md5="" type="0" size="91597" xxhash=""/>
	<item name="UI_ChooseProtect" md5="" type="0" size="25714" xxhash=""/>
	<item name="UI_ClaudeGamePlotShare" md5="" type="0" size="11399" xxhash=""/>
	<item name="UI_ClaudeGameShare" md5="" type="0" size="9967" xxhash=""/>
	<item name="UI_CleanBattle" md5="" type="0" size="5062" xxhash=""/>
	<item name="UI_Clearing" md5="" type="0" size="25307" xxhash=""/>
	<item name="UI_ClearingCurrent" md5="" type="0" size="26079" xxhash=""/>
	<item name="UI_ClearingCurrentList" md5="" type="0" size="22554" xxhash=""/>
	<item name="UI_ClearingList" md5="" type="0" size="29147" xxhash=""/>
	<item name="UI_ClearingList_EvolutionMode" md5="" type="0" size="8400" xxhash=""/>
	<item name="UI_ClearingList_Wide" md5="" type="0" size="28477" xxhash=""/>
	<item name="UI_ClearingMyData" md5="" type="0" size="94984" xxhash=""/>
	<item name="UI_ClearingTeamupRecommend" md5="" type="0" size="11259" xxhash=""/>
	<item name="UI_Clearing_CHILD_m_Common" md5="" type="0" size="16400" xxhash=""/>
	<item name="UI_Clearing_CHILD_m_LeftUtils" md5="" type="0" size="21837" xxhash=""/>
	<item name="UI_Clearing_CHILD_m_ModeExtraRoot" md5="" type="0" size="15380" xxhash=""/>
	<item name="UI_Clearing_CHILD_m_OtherUtils" md5="" type="0" size="14494" xxhash=""/>
	<item name="UI_Clearing_CHILD_m_RightUtils" md5="" type="0" size="41167" xxhash=""/>
	<item name="UI_Clearing_CHILD_m_VideoNew" md5="" type="0" size="48860" xxhash=""/>
	<item name="UI_ClientTask" md5="" type="0" size="9387" xxhash=""/>
	<item name="UI_ClientTaskLane" md5="" type="0" size="9285" xxhash=""/>
	<item name="UI_ClientTask_La" md5="" type="0" size="11807" xxhash=""/>
	<item name="UI_CollectAward" md5="" type="0" size="9658" xxhash=""/>
	<item name="UI_Collection" md5="" type="0" size="24116" xxhash=""/>
	<item name="UI_Collection_Award" md5="" type="0" size="15610" xxhash=""/>
	<item name="UI_Collection_Friendslist" md5="" type="0" size="18536" xxhash=""/>
	<item name="UI_Collection_Rule" md5="" type="0" size="10651" xxhash=""/>
	<item name="UI_Collection_Show" md5="" type="0" size="19673" xxhash=""/>
	<item name="UI_Collection_Skin" md5="" type="0" size="14279" xxhash=""/>
	<item name="UI_Collection_SkinHandbook" md5="" type="0" size="24626" xxhash=""/>
	<item name="UI_Collection_SkinItem" md5="" type="0" size="8634" xxhash=""/>
	<item name="UI_CombatExperienceReport" md5="" type="0" size="65626" xxhash=""/>
	<item name="UI_CommonHeroListItem" md5="" type="0" size="9882" xxhash=""/>
	<item name="UI_CommonItem" md5="" type="0" size="12082" xxhash=""/>
	<item name="UI_ConfirmBinding" md5="" type="0" size="8677" xxhash=""/>
	<item name="UI_ConversionTip" md5="" type="0" size="6834" xxhash=""/>
	<item name="UI_CostPrompt" md5="" type="0" size="9857" xxhash=""/>
	<item name="UI_CostPromptLua" md5="" type="0" size="20253" xxhash=""/>
	<item name="UI_CreateRole" md5="" type="0" size="16890" xxhash=""/>
	<item name="UI_CreditGuide1" md5="" type="0" size="11509" xxhash=""/>
	<item name="UI_CreditSkinGet" md5="" type="0" size="23086" xxhash=""/>
	<item name="UI_CreditSkinGetDes" md5="" type="0" size="11350" xxhash=""/>
	<item name="UI_CreditSkinUnlockRemind" md5="" type="0" size="9245" xxhash=""/>
	<item name="UI_CurrencyTip" md5="" type="0" size="8498" xxhash=""/>
	<item name="UI_CustomBattleChangeList" md5="" type="0" size="14384" xxhash=""/>
	<item name="UI_CustomBattleInfo" md5="" type="0" size="7381" xxhash=""/>
	<item name="UI_CustomBattleJsonInfo" md5="" type="0" size="10955" xxhash=""/>
	<item name="UI_CustomHeroesSetUp" md5="" type="0" size="15516" xxhash=""/>
	<item name="UI_CustomSkill" md5="" type="0" size="17739" xxhash=""/>
	<item name="UI_DailyTask" md5="" type="0" size="44521" xxhash=""/>
	<item name="UI_DailyTask_MentorSysTask" md5="" type="0" size="27436" xxhash=""/>
	<item name="UI_DailyTask_New" md5="" type="0" size="33557" xxhash=""/>
	<item name="UI_DawnGuard" md5="" type="0" size="17327" xxhash=""/>
	<item name="UI_DawnGuardPlay" md5="" type="0" size="11552" xxhash=""/>
	<item name="UI_DawnGuardPush" md5="" type="0" size="9162" xxhash=""/>
	<item name="UI_DawnGuardReservation" md5="" type="0" size="15369" xxhash=""/>
	<item name="UI_DayBreakListItem" md5="" type="0" size="9554" xxhash=""/>
	<item name="UI_DayBreakListItem_Vertical" md5="" type="0" size="8900" xxhash=""/>
	<item name="UI_DeathReplay" md5="" type="0" size="14455" xxhash=""/>
	<item name="UI_DeathReplayAssist" md5="" type="0" size="8348" xxhash=""/>
	<item name="UI_DeleteAccountTip" md5="" type="0" size="9671" xxhash=""/>
	<item name="UI_Demand" md5="" type="0" size="15444" xxhash=""/>
	<item name="UI_DiscountHero01" md5="" type="0" size="8407" xxhash=""/>
	<item name="UI_Double" md5="" type="0" size="11314" xxhash=""/>
	<item name="UI_Download" md5="" type="0" size="26381" xxhash=""/>
	<item name="UI_DownloadCompletedTips" md5="" type="0" size="10009" xxhash=""/>
	<item name="UI_DownloadIncomplete" md5="" type="0" size="4997" xxhash=""/>
	<item name="UI_Downloading" md5="" type="0" size="4371" xxhash=""/>
	<item name="UI_Download_5v5" md5="" type="0" size="21650" xxhash=""/>
	<item name="UI_Download_Mode" md5="" type="0" size="12370" xxhash=""/>
	<item name="UI_Email" md5="" type="0" size="24147" xxhash=""/>
	<item name="UI_EmailGiftList" md5="" type="0" size="8124" xxhash=""/>
	<item name="UI_EmailList" md5="" type="0" size="7622" xxhash=""/>
	<item name="UI_EmailWindow" md5="" type="0" size="34089" xxhash=""/>
	<item name="UI_Emblem2023" md5="" type="0" size="59344" xxhash=""/>
	<item name="UI_EmblemApply2023" md5="" type="0" size="9603" xxhash=""/>
	<item name="UI_EmblemCompensation2023" md5="" type="0" size="8765" xxhash=""/>
	<item name="UI_EmblemEdit2023" md5="" type="0" size="15526" xxhash=""/>
	<item name="UI_EmblemGet" md5="" type="0" size="8469" xxhash=""/>
	<item name="UI_EmblemGiftTips" md5="" type="0" size="6490" xxhash=""/>
	<item name="UI_EmblemGuidevideo" md5="" type="0" size="22681" xxhash=""/>
	<item name="UI_emojiShop" md5="" type="0" size="13364" xxhash=""/>
	<item name="UI_EquipDIY" md5="" type="0" size="37289" xxhash=""/>
	<item name="UI_EquipGodPlan02" md5="" type="0" size="12789" xxhash=""/>
	<item name="UI_EquipLibrary" md5="" type="0" size="40474" xxhash=""/>
	<item name="UI_EquipPlan" md5="" type="0" size="10537" xxhash=""/>
	<item name="UI_EquipPlan02" md5="" type="0" size="8771" xxhash=""/>
	<item name="UI_EquipPlanPreset" md5="" type="0" size="28425" xxhash=""/>
	<item name="UI_EquipPlanWindow" md5="" type="0" size="14086" xxhash=""/>
	<item name="UI_EquipRec" md5="" type="0" size="19308" xxhash=""/>
	<item name="UI_EquipRecommend" md5="" type="0" size="13900" xxhash=""/>
	<item name="UI_EvolutionShare" md5="" type="0" size="15368" xxhash=""/>
	<item name="UI_Evolution_BattleInfo" md5="" type="0" size="15497" xxhash=""/>
	<item name="UI_Evolution_ChooseUpgrade" md5="" type="0" size="6368" xxhash=""/>
	<item name="UI_Evolution_EnterBattle" md5="" type="0" size="9553" xxhash=""/>
	<item name="UI_Evolution_MiniMap" md5="" type="0" size="13935" xxhash=""/>
	<item name="UI_ExemptionChoose" md5="" type="0" size="13751" xxhash=""/>
	<item name="UI_FaceToFaceChoosemode" md5="" type="0" size="11322" xxhash=""/>
	<item name="UI_FaceToFacePassWord" md5="" type="0" size="12440" xxhash=""/>
	<item name="UI_FBPopBanner" md5="" type="0" size="10040" xxhash=""/>
	<item name="UI_FirstLoading" md5="" type="0" size="489972" xxhash=""/>
	<item name="UI_FirstServer" md5="" type="0" size="9095" xxhash=""/>
	<item name="UI_FlipActivityAwardPool" md5="" type="0" size="27266" xxhash=""/>
	<item name="UI_FlyText" md5="" type="0" size="12736" xxhash=""/>
	<item name="UI_FlyText1" md5="" type="0" size="13723" xxhash=""/>
	<item name="UI_FlyText2" md5="" type="0" size="12987" xxhash=""/>
	<item name="UI_FocusTarget" md5="" type="0" size="5815" xxhash=""/>
	<item name="UI_FollowTips2" md5="" type="0" size="11017" xxhash=""/>
	<item name="UI_FollowTipsNewBubble" md5="" type="0" size="14584" xxhash=""/>
	<item name="UI_FollowTipsNewBubble_tipsNew" md5="" type="0" size="16663" xxhash=""/>
	<item name="UI_FoodFB" md5="" type="0" size="14747" xxhash=""/>
	<item name="UI_FoodSent" md5="" type="0" size="15038" xxhash=""/>
	<item name="UI_Fortifications_BG_low" md5="" type="0" size="200156" xxhash=""/>
	<item name="UI_ForumWeb" md5="" type="0" size="11021" xxhash=""/>
	<item name="UI_FriendLink" md5="" type="0" size="65233" xxhash=""/>
	<item name="UI_FriendLinkListitem" md5="" type="0" size="27321" xxhash=""/>
	<item name="UI_FriendList_Fortifications" md5="" type="0" size="76375" xxhash=""/>
	<item name="UI_FriendList_new" md5="" type="0" size="24322" xxhash=""/>
	<item name="UI_FriendList_new_CHILD_MiniListGroup" md5="" type="0" size="41130" xxhash=""/>
	<item name="UI_FriendList_new_CHILD_m_EXmenuGroup" md5="" type="0" size="9329" xxhash=""/>
	<item name="UI_FriendList_new_CHILD_m_Expand_Friendlist" md5="" type="0" size="22626" xxhash=""/>
	<item name="UI_FriendList_new_CHILD_m_FriendListPanel" md5="" type="0" size="49765" xxhash=""/>
	<item name="UI_FriendList_new_CHILD_m_RecommendFriendListPanel" md5="" type="0" size="27211" xxhash=""/>
	<item name="UI_FriendList_TagTips" md5="" type="0" size="8071" xxhash=""/>
	<item name="UI_FriendPushSetting" md5="" type="0" size="10418" xxhash=""/>
	<item name="UI_FriendsAdd" md5="" type="0" size="18566" xxhash=""/>
	<item name="UI_FriendsAddListitem" md5="" type="0" size="12051" xxhash=""/>
	<item name="UI_FriendsBlackList" md5="" type="0" size="12362" xxhash=""/>
	<item name="UI_FriendsCard" md5="" type="0" size="33995" xxhash=""/>
	<item name="UI_GeneralAdvertisement" md5="" type="0" size="11144" xxhash=""/>
	<item name="UI_GiftBuy" md5="" type="0" size="15925" xxhash=""/>
	<item name="UI_GiftBuyItem" md5="" type="0" size="6663" xxhash=""/>
	<item name="UI_GiftBuyPush" md5="" type="0" size="11804" xxhash=""/>
	<item name="UI_GiftEffect_Buy" md5="" type="0" size="11376" xxhash=""/>
	<item name="UI_GiftMessage" md5="" type="0" size="10659" xxhash=""/>
	<item name="UI_GiveAName_new" md5="" type="0" size="19351" xxhash=""/>
	<item name="UI_GM" md5="" type="0" size="167512" xxhash=""/>
	<item name="UI_GM_AIvsAI" md5="" type="0" size="14617" xxhash=""/>
	<item name="UI_GM_BattleFps" md5="" type="0" size="7847" xxhash=""/>
	<item name="UI_GM_ChooseHeroBP" md5="" type="0" size="11162" xxhash=""/>
	<item name="UI_GM_Login" md5="" type="0" size="11985" xxhash=""/>
	<item name="UI_GM_MainInterface" md5="" type="0" size="16030" xxhash=""/>
	<item name="UI_GM_public" md5="" type="0" size="24863" xxhash=""/>
	<item name="UI_GM_Robot" md5="" type="0" size="9371" xxhash=""/>
	<item name="UI_GM_RobotNew" md5="" type="0" size="23802" xxhash=""/>
	<item name="UI_GodBattlePlan" md5="" type="0" size="25969" xxhash=""/>
	<item name="UI_GodEquipeShare" md5="" type="0" size="15619" xxhash=""/>
	<item name="UI_Grade" md5="" type="0" size="12038" xxhash=""/>
	<item name="UI_Grade_Service" md5="" type="0" size="14425" xxhash=""/>
	<item name="UI_Groupinvite" md5="" type="0" size="15112" xxhash=""/>
	<item name="UI_Groupjoin" md5="" type="0" size="10959" xxhash=""/>
	<item name="UI_GrowTaskNotification" md5="" type="0" size="9553" xxhash=""/>
	<item name="UI_Guide" md5="" type="0" size="9598" xxhash=""/>
	<item name="UI_GuideDoubleExp" md5="" type="0" size="17198" xxhash=""/>
	<item name="UI_GuideHint" md5="" type="0" size="7608" xxhash=""/>
	<item name="UI_GuideLine" md5="" type="0" size="4114" xxhash=""/>
	<item name="UI_GuideTeach_Video" md5="" type="0" size="15039" xxhash=""/>
	<item name="UI_GuideText02" md5="" type="0" size="12331" xxhash=""/>
	<item name="UI_GuideText03" md5="" type="0" size="4672" xxhash=""/>
	<item name="UI_GuideText09" md5="" type="0" size="5583" xxhash=""/>
	<item name="UI_GuideText10" md5="" type="0" size="6052" xxhash=""/>
	<item name="UI_GuideText11" md5="" type="0" size="6059" xxhash=""/>
	<item name="UI_GuideText13" md5="" type="0" size="7481" xxhash=""/>
	<item name="UI_GuideText14" md5="" type="0" size="13483" xxhash=""/>
	<item name="UI_GuideText15" md5="" type="0" size="9572" xxhash=""/>
	<item name="UI_GuideText18" md5="" type="0" size="14283" xxhash=""/>
	<item name="UI_GuideText39" md5="" type="0" size="4778" xxhash=""/>
	<item name="UI_GuideText44" md5="" type="0" size="5040" xxhash=""/>
	<item name="UI_GuideText45" md5="" type="0" size="4500" xxhash=""/>
	<item name="UI_GuideText60" md5="" type="0" size="8200" xxhash=""/>
	<item name="UI_GuideText61" md5="" type="0" size="11589" xxhash=""/>
	<item name="UI_GuideText62" md5="" type="0" size="7908" xxhash=""/>
	<item name="UI_GuideText65" md5="" type="0" size="5518" xxhash=""/>
	<item name="UI_GuideText67" md5="" type="0" size="13254" xxhash=""/>
	<item name="UI_GuideText68" md5="" type="0" size="4888" xxhash=""/>
	<item name="UI_GuideText69" md5="" type="0" size="8161" xxhash=""/>
	<item name="UI_GuideText71" md5="" type="0" size="27244" xxhash=""/>
	<item name="UI_GuideText75" md5="" type="0" size="5202" xxhash=""/>
	<item name="UI_GuideText76" md5="" type="0" size="21733" xxhash=""/>
	<item name="UI_GuideText80" md5="" type="0" size="11815" xxhash=""/>
	<item name="UI_GuideText84" md5="" type="0" size="6189" xxhash=""/>
	<item name="UI_GuideText85" md5="" type="0" size="13031" xxhash=""/>
	<item name="UI_GuideText88" md5="" type="0" size="5251" xxhash=""/>
	<item name="UI_GuideText89" md5="" type="0" size="7458" xxhash=""/>
	<item name="UI_GuideText90" md5="" type="0" size="11518" xxhash=""/>
	<item name="UI_GuideText91" md5="" type="0" size="5531" xxhash=""/>
	<item name="UI_GuideText92" md5="" type="0" size="4524" xxhash=""/>
	<item name="UI_Guidevideo" md5="" type="0" size="19897" xxhash=""/>
	<item name="UI_Guide_StepSkip" md5="" type="0" size="9245" xxhash=""/>
	<item name="UI_guide_video" md5="" type="0" size="11099" xxhash=""/>
	<item name="UI_HeadCutting" md5="" type="0" size="15162" xxhash=""/>
	<item name="UI_HeadInfo" md5="" type="0" size="17263" xxhash=""/>
	<item name="UI_HeadInfoBoss" md5="" type="0" size="7401" xxhash=""/>
	<item name="UI_HeadInfoBuffCreeps" md5="" type="0" size="7337" xxhash=""/>
	<item name="UI_HeadInfoCommonCreeps" md5="" type="0" size="7697" xxhash=""/>
	<item name="UI_HeadInfoDefence" md5="" type="0" size="5441" xxhash=""/>
	<item name="UI_HeadInfoMonster" md5="" type="0" size="4554" xxhash=""/>
	<item name="UI_HeadInfoTestRobot" md5="" type="0" size="18114" xxhash=""/>
	<item name="UI_HeadInfoTower" md5="" type="0" size="5039" xxhash=""/>
	<item name="UI_HeadInfoTower_Base" md5="" type="0" size="4809" xxhash=""/>
	<item name="UI_HeadInfo_OnlyName" md5="" type="0" size="2940" xxhash=""/>
	<item name="UI_HeadPanel" md5="" type="0" size="3007" xxhash=""/>
	<item name="UI_HeadShow" md5="" type="0" size="9981" xxhash=""/>
	<item name="UI_HeroAchievementList" md5="" type="0" size="9097" xxhash=""/>
	<item name="UI_HeroAndSkin_Buy" md5="" type="0" size="20107" xxhash=""/>
	<item name="UI_HeroAttribute" md5="" type="0" size="9449" xxhash=""/>
	<item name="UI_HeroBase" md5="" type="0" size="14851" xxhash=""/>
	<item name="UI_HeroBuy" md5="" type="0" size="51832" xxhash=""/>
	<item name="UI_HeroBuy_lua" md5="" type="0" size="19868" xxhash=""/>
	<item name="UI_HeroCustomization" md5="" type="0" size="15111" xxhash=""/>
	<item name="UI_HeroDataShow" md5="" type="0" size="6092" xxhash=""/>
	<item name="UI_HeroGet" md5="" type="0" size="50120" xxhash=""/>
	<item name="UI_HeroGift" md5="" type="0" size="12235" xxhash=""/>
	<item name="UI_HeroHeroSkinAndColor_Buy" md5="" type="0" size="19266" xxhash=""/>
	<item name="UI_HeroInformation" md5="" type="0" size="89650" xxhash=""/>
	<item name="UI_HeroInfoTip" md5="" type="0" size="5503" xxhash=""/>
	<item name="UI_HeroList" md5="" type="0" size="39638" xxhash=""/>
	<item name="UI_HeroList_HeroCultivateList" md5="" type="0" size="10384" xxhash=""/>
	<item name="UI_HeroSelect" md5="" type="0" size="16519" xxhash=""/>
	<item name="UI_HeroSelectsetup" md5="" type="0" size="15974" xxhash=""/>
	<item name="UI_HeroSetting" md5="" type="0" size="8393" xxhash=""/>
	<item name="UI_HeroShare" md5="" type="0" size="15020" xxhash=""/>
	<item name="UI_HeroShowList" md5="" type="0" size="10383" xxhash=""/>
	<item name="UI_HeroSkinAndColor_Buy" md5="" type="0" size="15257" xxhash=""/>
	<item name="UI_HeroSkinDrawing" md5="" type="0" size="28060" xxhash=""/>
	<item name="UI_HeroSkinSelect" md5="" type="0" size="15886" xxhash=""/>
	<item name="UI_HeroSkinSelectSkinDraw" md5="" type="0" size="15951" xxhash=""/>
	<item name="UI_HeroStory" md5="" type="0" size="16317" xxhash=""/>
	<item name="UI_HeroStrategy" md5="" type="0" size="8073" xxhash=""/>
	<item name="UI_HeroStrategy_List" md5="" type="0" size="18214" xxhash=""/>
	<item name="UI_HeroTextChange" md5="" type="0" size="41148" xxhash=""/>
	<item name="UI_HeroTowerAward" md5="" type="0" size="15876" xxhash=""/>
	<item name="UI_HeroTowerItem" md5="" type="0" size="11985" xxhash=""/>
	<item name="UI_HighLevelReward" md5="" type="0" size="44492" xxhash=""/>
	<item name="UI_HistoryRecordListItem" md5="" type="0" size="21828" xxhash=""/>
	<item name="UI_HistoryRecordListItemReport" md5="" type="0" size="9362" xxhash=""/>
	<item name="UI_HistoryRecordListItem_Vertical" md5="" type="0" size="19604" xxhash=""/>
	<item name="UI_HolyBg" md5="" type="0" size="6021" xxhash=""/>
	<item name="UI_HotActivityShare" md5="" type="0" size="13658" xxhash=""/>
	<item name="UI_IconRenderObj" md5="" type="0" size="4386" xxhash=""/>
	<item name="UI_Instruction" md5="" type="0" size="21565" xxhash=""/>
	<item name="UI_Instruction_CHILD_ActivityOld" md5="" type="0" size="14369" xxhash=""/>
	<item name="UI_Instruction_CHILD_ModeOld" md5="" type="0" size="35116" xxhash=""/>
	<item name="UI_Instruction_CHILD_SocialOld" md5="" type="0" size="12918" xxhash=""/>
	<item name="UI_Instruction_CHILD_SystemOld" md5="" type="0" size="50723" xxhash=""/>
	<item name="UI_IntegralTask2" md5="" type="0" size="20015" xxhash=""/>
	<item name="UI_Invitationslist" md5="" type="0" size="10701" xxhash=""/>
	<item name="UI_Invite" md5="" type="0" size="47987" xxhash=""/>
	<item name="UI_InviteFriend" md5="" type="0" size="12669" xxhash=""/>
	<item name="UI_ItemBuy" md5="" type="0" size="15111" xxhash=""/>
	<item name="UI_ItemBuy_2n3" md5="" type="0" size="11188" xxhash=""/>
	<item name="UI_ItemExchange" md5="" type="0" size="18693" xxhash=""/>
	<item name="UI_Itempresent" md5="" type="0" size="8090" xxhash=""/>
	<item name="UI_ItemSell" md5="" type="0" size="9387" xxhash=""/>
	<item name="UI_ItemShowTip" md5="" type="0" size="8833" xxhash=""/>
	<item name="UI_ItemTimeChoose" md5="" type="0" size="9620" xxhash=""/>
	<item name="UI_ItemTip" md5="" type="0" size="6362" xxhash=""/>
	<item name="UI_ItemUse" md5="" type="0" size="9880" xxhash=""/>
	<item name="UI_JoyStick" md5="" type="0" size="6024" xxhash=""/>
	<item name="UI_Juhua" md5="" type="0" size="6517" xxhash=""/>
	<item name="UI_KeySkill" md5="" type="0" size="46727" xxhash=""/>
	<item name="UI_KeySkillExtra" md5="" type="0" size="31899" xxhash=""/>
	<item name="UI_KeySkill_shou_combo_skill12" md5="" type="0" size="22685" xxhash=""/>
	<item name="UI_KeySkill_shou_combo_skill123" md5="" type="0" size="22778" xxhash=""/>
	<item name="UI_KeySkill_shou_move" md5="" type="0" size="11355" xxhash=""/>
	<item name="UI_Kill" md5="" type="0" size="27831" xxhash=""/>
	<item name="UI_LanguageType" md5="" type="0" size="10001" xxhash=""/>
	<item name="UI_LanguageTypeVersionOne" md5="" type="0" size="19714" xxhash=""/>
	<item name="UI_LangVoiceRegionItem" md5="" type="0" size="9427" xxhash=""/>
	<item name="UI_LatinNewHand02" md5="" type="0" size="35909" xxhash=""/>
	<item name="UI_LegendaryRoad" md5="" type="0" size="11152" xxhash=""/>
	<item name="UI_LegendaryRoad_RankRoad" md5="" type="0" size="62188" xxhash=""/>
	<item name="UI_LeilaGuide_new" md5="" type="0" size="10503" xxhash=""/>
	<item name="UI_LetterForPlayers" md5="" type="0" size="5748" xxhash=""/>
	<item name="UI_LetterForPlayersMail" md5="" type="0" size="13527" xxhash=""/>
	<item name="UI_LevelUp" md5="" type="0" size="19091" xxhash=""/>
	<item name="UI_LikeGame" md5="" type="0" size="8547" xxhash=""/>
	<item name="UI_LikeTip" md5="" type="0" size="4951" xxhash=""/>
	<item name="UI_LiveAnchorShortcutPlay" md5="" type="0" size="8128" xxhash=""/>
	<item name="UI_LiveBattleGiftShow" md5="" type="0" size="7397" xxhash=""/>
	<item name="UI_LiveChatShow" md5="" type="0" size="7973" xxhash=""/>
	<item name="UI_LiveMainCity" md5="" type="0" size="10884" xxhash=""/>
	<item name="UI_LiveOnMessageBox" md5="" type="0" size="10566" xxhash=""/>
	<item name="UI_LivePaperGen" md5="" type="0" size="9787" xxhash=""/>
	<item name="UI_LiveReport" md5="" type="0" size="12859" xxhash=""/>
	<item name="UI_LiveSetting" md5="" type="0" size="9181" xxhash=""/>
	<item name="UI_LiveTreasure" md5="" type="0" size="7624" xxhash=""/>
	<item name="UI_Live_ShopLiveList" md5="" type="0" size="11790" xxhash=""/>
	<item name="UI_Live_TTLiveList" md5="" type="0" size="13203" xxhash=""/>
	<item name="UI_Loading" md5="" type="0" size="6450" xxhash=""/>
	<item name="UI_LoadingInstruction" md5="" type="0" size="10072" xxhash=""/>
	<item name="UI_LockHeroSkill" md5="" type="0" size="9039" xxhash=""/>
	<item name="UI_LoginTest" md5="" type="0" size="10358" xxhash=""/>
	<item name="UI_Logout" md5="" type="0" size="17697" xxhash=""/>
	<item name="UI_LuckConstellation" md5="" type="0" size="17852" xxhash=""/>
	<item name="UI_LuckytreasurePush" md5="" type="0" size="8906" xxhash=""/>
	<item name="UI_MagicCircle" md5="" type="0" size="15944" xxhash=""/>
	<item name="UI_MagicCircleList" md5="" type="0" size="11928" xxhash=""/>
	<item name="UI_MagicCircleShare" md5="" type="0" size="13927" xxhash=""/>
	<item name="UI_MagicShop" md5="" type="0" size="9127" xxhash=""/>
	<item name="UI_MagicShop2" md5="" type="0" size="16082" xxhash=""/>
	<item name="UI_MagicShopNew" md5="" type="0" size="18962" xxhash=""/>
	<item name="UI_MaininterfaceStart" md5="" type="0" size="5895" xxhash=""/>
	<item name="UI_MainInterface_Character" md5="" type="0" size="10482" xxhash=""/>
	<item name="UI_MainInterface_Fortifications_New" md5="" type="0" size="228960" xxhash=""/>
	<item name="UI_MainInterface_GuideInAnim" md5="" type="0" size="6352" xxhash=""/>
	<item name="UI_MainInterface_ModeChoice" md5="" type="0" size="86187" xxhash=""/>
	<item name="UI_MainInterface_Socialinfo" md5="" type="0" size="14461" xxhash=""/>
	<item name="UI_MapItem" md5="" type="0" size="10109" xxhash=""/>
	<item name="UI_Matching" md5="" type="0" size="160592" xxhash=""/>
	<item name="UI_Matching_Evolution" md5="" type="0" size="14552" xxhash=""/>
	<item name="UI_Matching_Senior" md5="" type="0" size="33715" xxhash=""/>
	<item name="UI_Matching_Skirmish" md5="" type="0" size="13572" xxhash=""/>
	<item name="UI_MatchRoom" md5="" type="0" size="52815" xxhash=""/>
	<item name="UI_MatchRoomWantUse" md5="" type="0" size="16113" xxhash=""/>
	<item name="UI_MatchRoomWantUse_MasterIcon" md5="" type="0" size="17602" xxhash=""/>
	<item name="UI_MatchRoom_CHILD_m_Button_Chat" md5="" type="0" size="50045" xxhash=""/>
	<item name="UI_MatchRoom_CHILD_m_otherTips" md5="" type="0" size="21606" xxhash=""/>
	<item name="UI_MatchRoom_CHILD_m_Player01" md5="" type="0" size="44099" xxhash=""/>
	<item name="UI_MatchRoom_CHILD_m_TablePos" md5="" type="0" size="51619" xxhash=""/>
	<item name="UI_MatchRoom_CHILD_m_viewTips" md5="" type="0" size="17253" xxhash=""/>
	<item name="UI_MatchRoom_Custom" md5="" type="0" size="20033" xxhash=""/>
	<item name="UI_MatchRoom_Evolution" md5="" type="0" size="7050" xxhash=""/>
	<item name="UI_MatchRoom_PM" md5="" type="0" size="24373" xxhash=""/>
	<item name="UI_MatchRoom_Skirmish" md5="" type="0" size="18664" xxhash=""/>
	<item name="UI_MatchTime" md5="" type="0" size="23046" xxhash=""/>
	<item name="UI_MedalBox_Rule" md5="" type="0" size="11681" xxhash=""/>
	<item name="UI_MentorRecommend" md5="" type="0" size="9742" xxhash=""/>
	<item name="UI_MentorSysRequests" md5="" type="0" size="8863" xxhash=""/>
	<item name="UI_MentorSysRequests_tipsnew" md5="" type="0" size="14192" xxhash=""/>
	<item name="UI_MessageBox" md5="" type="0" size="9800" xxhash=""/>
	<item name="UI_MessageTip" md5="" type="0" size="5946" xxhash=""/>
	<item name="UI_MiniMap" md5="" type="0" size="17353" xxhash=""/>
	<item name="UI_MiniMap_ToolButton" md5="" type="0" size="44120" xxhash=""/>
	<item name="UI_MLBBLicensedTTgames" md5="" type="0" size="8686" xxhash=""/>
	<item name="UI_ModeAdverTise" md5="" type="0" size="8192" xxhash=""/>
	<item name="UI_ModeCollectionCommonInfo" md5="" type="0" size="30610" xxhash=""/>
	<item name="UI_ModeCollectionCommonInfoNew" md5="" type="0" size="59943" xxhash=""/>
	<item name="UI_ModeCollectionItem" md5="" type="0" size="20376" xxhash=""/>
	<item name="UI_ModeCollectionItemNew" md5="" type="0" size="23133" xxhash=""/>
	<item name="UI_ModeCollectionMain" md5="" type="0" size="13098" xxhash=""/>
	<item name="UI_ModeCollectionMainNew" md5="" type="0" size="22891" xxhash=""/>
	<item name="UI_ModeCollectionScore" md5="" type="0" size="14034" xxhash=""/>
	<item name="UI_ModeCollectionScoreMessage" md5="" type="0" size="12452" xxhash=""/>
	<item name="UI_MTAgreement" md5="" type="0" size="12901" xxhash=""/>
	<item name="UI_MyDataShare" md5="" type="0" size="25206" xxhash=""/>
	<item name="UI_MysteryList01" md5="" type="0" size="9540" xxhash=""/>
	<item name="UI_Nationality" md5="" type="0" size="15712" xxhash=""/>
	<item name="UI_NetworkDetection" md5="" type="0" size="33367" xxhash=""/>
	<item name="UI_NewActivityReturningFace" md5="" type="0" size="19562" xxhash=""/>
	<item name="UI_NewActivityReturningFirstBattle" md5="" type="0" size="10843" xxhash=""/>
	<item name="UI_NewActivityReturning_Reward2" md5="" type="0" size="29331" xxhash=""/>
	<item name="UI_NewActivityReturning_Reward3" md5="" type="0" size="25537" xxhash=""/>
	<item name="UI_NewActivityReturning_Reward4" md5="" type="0" size="15275" xxhash=""/>
	<item name="UI_Newdiscountmall" md5="" type="0" size="20287" xxhash=""/>
	<item name="UI_Newdiscountmall01" md5="" type="0" size="22090" xxhash=""/>
	<item name="UI_Newdiscountmall02" md5="" type="0" size="21994" xxhash=""/>
	<item name="UI_Newdiscountmall03" md5="" type="0" size="22747" xxhash=""/>
	<item name="UI_NewHeroShare" md5="" type="0" size="18114" xxhash=""/>
	<item name="UI_NewLuckyGift" md5="" type="0" size="36285" xxhash=""/>
	<item name="UI_NewModeList" md5="" type="0" size="18434" xxhash=""/>
	<item name="UI_NewPlayerDraw" md5="" type="0" size="14919" xxhash=""/>
	<item name="UI_NewRankingBuySkin" md5="" type="0" size="17851" xxhash=""/>
	<item name="UI_NewShopItem" md5="" type="0" size="9451" xxhash=""/>
	<item name="UI_NewShopItemNew" md5="" type="0" size="9513" xxhash=""/>
	<item name="UI_NewShopItemNew03" md5="" type="0" size="9540" xxhash=""/>
	<item name="UI_NewTargetPush" md5="" type="0" size="15780" xxhash=""/>
	<item name="UI_NimoTVLive" md5="" type="0" size="9352" xxhash=""/>
	<item name="UI_NotificationShow" md5="" type="0" size="21654" xxhash=""/>
	<item name="UI_OfficialMedia" md5="" type="0" size="38727" xxhash=""/>
	<item name="UI_OfflineMode" md5="" type="0" size="25967" xxhash=""/>
	<item name="UI_OptionalGiftPack_Winow" md5="" type="0" size="14402" xxhash=""/>
	<item name="UI_OutLiveMenu" md5="" type="0" size="15793" xxhash=""/>
	<item name="UI_PartyModeListItem" md5="" type="0" size="8031" xxhash=""/>
	<item name="UI_PartyModeListItem_Vertical" md5="" type="0" size="8781" xxhash=""/>
	<item name="UI_Pause" md5="" type="0" size="10063" xxhash=""/>
	<item name="UI_PayChannel" md5="" type="0" size="9528" xxhash=""/>
	<item name="UI_PerformanceAnalysisTool" md5="" type="0" size="18522" xxhash=""/>
	<item name="UI_PersonalDiary" md5="" type="0" size="13112" xxhash=""/>
	<item name="UI_PicInstruction" md5="" type="0" size="12659" xxhash=""/>
	<item name="UI_PingTips" md5="" type="0" size="8651" xxhash=""/>
	<item name="UI_PlayerBack" md5="" type="0" size="9033" xxhash=""/>
	<item name="UI_PlayerInfo" md5="" type="0" size="36095" xxhash=""/>
	<item name="UI_PlayerSelfLevelChoose" md5="" type="0" size="10246" xxhash=""/>
	<item name="UI_PlaylistGroup" md5="" type="0" size="5939" xxhash=""/>
	<item name="UI_Policy" md5="" type="0" size="6319" xxhash=""/>
	<item name="UI_PowerCahrgeTip" md5="" type="0" size="10062" xxhash=""/>
	<item name="UI_PowerTip" md5="" type="0" size="9631" xxhash=""/>
	<item name="UI_PreAtlas" md5="" type="0" size="2554" xxhash=""/>
	<item name="UI_PreDownload" md5="" type="0" size="14175" xxhash=""/>
	<item name="UI_PreDownload_Fullsc" md5="" type="0" size="20701" xxhash=""/>
	<item name="UI_PrepareWar" md5="" type="0" size="38626" xxhash=""/>
	<item name="UI_PrepareWar_ArcadeChangeList" md5="" type="0" size="11196" xxhash=""/>
	<item name="UI_PrepareWar_ArcadeRoot" md5="" type="0" size="4013" xxhash=""/>
	<item name="UI_PrepareWar_Arcade_MapGet" md5="" type="0" size="13561" xxhash=""/>
	<item name="UI_PresaleShare" md5="" type="0" size="10508" xxhash=""/>
	<item name="UI_PresentButtonList" md5="" type="0" size="16957" xxhash=""/>
	<item name="UI_PresentItem" md5="" type="0" size="9120" xxhash=""/>
	<item name="UI_Pre_Invite" md5="" type="0" size="16961" xxhash=""/>
	<item name="UI_Pre_InviteTip" md5="" type="0" size="17080" xxhash=""/>
	<item name="UI_Pre_InviteTip_tipsNew" md5="" type="0" size="21302" xxhash=""/>
	<item name="UI_PrivacyAgreement_Pop" md5="" type="0" size="12032" xxhash=""/>
	<item name="UI_Prompt" md5="" type="0" size="7783" xxhash=""/>
	<item name="UI_propagate_Video" md5="" type="0" size="11540" xxhash=""/>
	<item name="UI_ProsecutionFeedback" md5="" type="0" size="13653" xxhash=""/>
	<item name="UI_ProsecutionPrompt" md5="" type="0" size="20933" xxhash=""/>
	<item name="UI_ProsecutionPromptHome" md5="" type="0" size="20578" xxhash=""/>
	<item name="UI_PushAdvertisement" md5="" type="0" size="10305" xxhash=""/>
	<item name="UI_PuzzleFB" md5="" type="0" size="14032" xxhash=""/>
	<item name="UI_PuzzleReward" md5="" type="0" size="11357" xxhash=""/>
	<item name="UI_PuzzleSendMessage" md5="" type="0" size="8765" xxhash=""/>
	<item name="UI_PuzzleSent" md5="" type="0" size="14329" xxhash=""/>
	<item name="UI_QRcodeLogin" md5="" type="0" size="8437" xxhash=""/>
	<item name="UI_QuickTipsNewBubble" md5="" type="0" size="10670" xxhash=""/>
	<item name="UI_QuickTipsNewBubble_tipsNew" md5="" type="0" size="12382" xxhash=""/>
	<item name="UI_QuitSquardSystemTip" md5="" type="0" size="9647" xxhash=""/>
	<item name="UI_Race_GuessingWindow" md5="" type="0" size="17392" xxhash=""/>
	<item name="UI_Race_MPL_GuessingWindow" md5="" type="0" size="13959" xxhash=""/>
	<item name="UI_Race_New" md5="" type="0" size="134904" xxhash=""/>
	<item name="UI_Race_NewChooseCountry" md5="" type="0" size="10793" xxhash=""/>
	<item name="UI_Race_NewShop" md5="" type="0" size="19097" xxhash=""/>
	<item name="UI_Race_New_Bet" md5="" type="0" size="10448" xxhash=""/>
	<item name="UI_Race_Web" md5="" type="0" size="10781" xxhash=""/>
	<item name="UI_RankInvitationTip" md5="" type="0" size="12939" xxhash=""/>
	<item name="UI_RankLevelShow" md5="" type="0" size="43501" xxhash=""/>
	<item name="UI_RankLevelShow_CHILD_m_Myth" md5="" type="0" size="51619" xxhash=""/>
	<item name="UI_RankLevelShow_CHILD_m_ShowPos" md5="" type="0" size="59102" xxhash=""/>
	<item name="UI_RankLevelShow_rankroad" md5="" type="0" size="21140" xxhash=""/>
	<item name="UI_RankMatchShow" md5="" type="0" size="17315" xxhash=""/>
	<item name="UI_RankSeasonAwardShow" md5="" type="0" size="11127" xxhash=""/>
	<item name="UI_Rankseason_Video" md5="" type="0" size="9588" xxhash=""/>
	<item name="UI_RankStart" md5="" type="0" size="21383" xxhash=""/>
	<item name="UI_RateHero" md5="" type="0" size="11805" xxhash=""/>
	<item name="UI_RecommendNew" md5="" type="0" size="23047" xxhash=""/>
	<item name="UI_ReconnectTip" md5="" type="0" size="5583" xxhash=""/>
	<item name="UI_RecordAndPunish" md5="" type="0" size="15926" xxhash=""/>
	<item name="UI_RecruitFriend" md5="" type="0" size="18268" xxhash=""/>
	<item name="UI_RecruitFriendlist" md5="" type="0" size="8796" xxhash=""/>
	<item name="UI_RecruitFriendPopup" md5="" type="0" size="17188" xxhash=""/>
	<item name="UI_RecruitFriendPopupNew" md5="" type="0" size="11275" xxhash=""/>
	<item name="UI_RecruitHall" md5="" type="0" size="37026" xxhash=""/>
	<item name="UI_RecruitList" md5="" type="0" size="6602" xxhash=""/>
	<item name="UI_RecruitPubic" md5="" type="0" size="36363" xxhash=""/>
	<item name="UI_RegionList" md5="" type="0" size="12457" xxhash=""/>
	<item name="UI_Register" md5="" type="0" size="10521" xxhash=""/>
	<item name="UI_Remake" md5="" type="0" size="7603" xxhash=""/>
	<item name="UI_RemarkFriendName" md5="" type="0" size="9210" xxhash=""/>
	<item name="UI_Report" md5="" type="0" size="11062" xxhash=""/>
	<item name="UI_ReportDetails" md5="" type="0" size="23017" xxhash=""/>
	<item name="UI_ReportNew" md5="" type="0" size="12810" xxhash=""/>
	<item name="UI_ReputationTip" md5="" type="0" size="4985" xxhash=""/>
	<item name="UI_ResDownLoadOpt" md5="" type="0" size="20441" xxhash=""/>
	<item name="UI_ResDownLoad_List" md5="" type="0" size="30057" xxhash=""/>
	<item name="UI_ResInstruction" md5="" type="0" size="9270" xxhash=""/>
	<item name="UI_Resource" md5="" type="0" size="4378" xxhash=""/>
	<item name="UI_ResourceChange" md5="" type="0" size="11316" xxhash=""/>
	<item name="UI_ResourceConcent" md5="" type="0" size="24001" xxhash=""/>
	<item name="UI_ResourceConcentNew" md5="" type="0" size="18900" xxhash=""/>
	<item name="UI_ResourceGrading" md5="" type="0" size="12516" xxhash=""/>
	<item name="UI_ResourceGrading_Cleanup" md5="" type="0" size="7144" xxhash=""/>
	<item name="UI_ResourceGrading_delete" md5="" type="0" size="8760" xxhash=""/>
	<item name="UI_ResourceGrading_manage" md5="" type="0" size="10545" xxhash=""/>
	<item name="UI_ResourceGrading_manage_New" md5="" type="0" size="12166" xxhash=""/>
	<item name="UI_ResourceGrading_New" md5="" type="0" size="17095" xxhash=""/>
	<item name="UI_ResourceGrading_partmanage" md5="" type="0" size="9754" xxhash=""/>
	<item name="UI_ResourceGrading_Sidebar" md5="" type="0" size="13325" xxhash=""/>
	<item name="UI_Resource_Info" md5="" type="0" size="23401" xxhash=""/>
	<item name="UI_Resource_manage" md5="" type="0" size="58137" xxhash=""/>
	<item name="UI_Return" md5="" type="0" size="12515" xxhash=""/>
	<item name="UI_Returning2023_Act_Base" md5="" type="0" size="17607" xxhash=""/>
	<item name="UI_Returning2023_Act_BattleBonusNew" md5="" type="0" size="27835" xxhash=""/>
	<item name="UI_Returning2023_Act_Privilege" md5="" type="0" size="17408" xxhash=""/>
	<item name="UI_Returning2023_SignIn_V2" md5="" type="0" size="24843" xxhash=""/>
	<item name="UI_Returning2023_Welcome" md5="" type="0" size="23160" xxhash=""/>
	<item name="UI_ReturningDownloadingAwards" md5="" type="0" size="11958" xxhash=""/>
	<item name="UI_ReturnSevenDay" md5="" type="0" size="12869" xxhash=""/>
	<item name="UI_ReturnToRoom" md5="" type="0" size="7901" xxhash=""/>
	<item name="UI_RewardShow" md5="" type="0" size="13830" xxhash=""/>
	<item name="UI_RFmyInvitee" md5="" type="0" size="10200" xxhash=""/>
	<item name="UI_RiskAccount" md5="" type="0" size="9626" xxhash=""/>
	<item name="UI_RivalsOneShare" md5="" type="0" size="11890" xxhash=""/>
	<item name="UI_RoadSort" md5="" type="0" size="16293" xxhash=""/>
	<item name="UI_RoleExperienceCard_Popup" md5="" type="0" size="10402" xxhash=""/>
	<item name="UI_Rule" md5="" type="0" size="9963" xxhash=""/>
	<item name="UI_ScenesLoading" md5="" type="0" size="5439" xxhash=""/>
	<item name="UI_ScrambleListItem" md5="" type="0" size="10361" xxhash=""/>
	<item name="UI_ScrambleListItem_Vertical" md5="" type="0" size="9906" xxhash=""/>
	<item name="UI_ScrambleMode_TargetShow" md5="" type="0" size="6940" xxhash=""/>
	<item name="UI_ScreenBg" md5="" type="0" size="5535" xxhash=""/>
	<item name="UI_ScreenshotPop" md5="" type="0" size="13016" xxhash=""/>
	<item name="UI_SDcard_Send_res" md5="" type="0" size="8018" xxhash=""/>
	<item name="UI_SeasonCharge" md5="" type="0" size="12796" xxhash=""/>
	<item name="UI_SeasonReport" md5="" type="0" size="25838" xxhash=""/>
	<item name="UI_SeasonReport_page0" md5="" type="0" size="23961" xxhash=""/>
	<item name="UI_SeasonReport_page1" md5="" type="0" size="16675" xxhash=""/>
	<item name="UI_SeasonReport_page2" md5="" type="0" size="18424" xxhash=""/>
	<item name="UI_SeasonReport_page3" md5="" type="0" size="25301" xxhash=""/>
	<item name="UI_SecondPSWTips" md5="" type="0" size="13680" xxhash=""/>
	<item name="UI_Security_PopUp" md5="" type="0" size="8780" xxhash=""/>
	<item name="UI_Security_PopUp_TTaccount" md5="" type="0" size="10358" xxhash=""/>
	<item name="UI_SendBPShare" md5="" type="0" size="8319" xxhash=""/>
	<item name="UI_SeniorShare" md5="" type="0" size="17460" xxhash=""/>
	<item name="UI_ServerListLogin" md5="" type="0" size="16334" xxhash=""/>
	<item name="UI_ServiceAgreement" md5="" type="0" size="24717" xxhash=""/>
	<item name="UI_SettingEquipmentTips" md5="" type="0" size="13182" xxhash=""/>
	<item name="UI_share" md5="" type="0" size="10581" xxhash=""/>
	<item name="UI_ShareConfirm" md5="" type="0" size="8589" xxhash=""/>
	<item name="UI_Shop" md5="" type="0" size="68226" xxhash=""/>
	<item name="UI_ShopHero" md5="" type="0" size="25034" xxhash=""/>
	<item name="UI_ShopHeroHot" md5="" type="0" size="19513" xxhash=""/>
	<item name="UI_ShopHeroMore" md5="" type="0" size="19330" xxhash=""/>
	<item name="UI_ShopHeroNew" md5="" type="0" size="16331" xxhash=""/>
	<item name="UI_ShopHeroRecommend" md5="" type="0" size="16909" xxhash=""/>
	<item name="UI_ShopItem" md5="" type="0" size="13179" xxhash=""/>
	<item name="UI_ShopItemHot" md5="" type="0" size="11268" xxhash=""/>
	<item name="UI_ShopItemMore" md5="" type="0" size="11206" xxhash=""/>
	<item name="UI_ShopItemNew" md5="" type="0" size="42844" xxhash=""/>
	<item name="UI_ShopLive" md5="" type="0" size="37944" xxhash=""/>
	<item name="UI_ShopLivePush" md5="" type="0" size="16536" xxhash=""/>
	<item name="UI_ShopLive_Popup" md5="" type="0" size="15460" xxhash=""/>
	<item name="UI_ShopSkinUpgrade" md5="" type="0" size="17909" xxhash=""/>
	<item name="UI_Shop_Lottery" md5="" type="0" size="19227" xxhash=""/>
	<item name="UI_ShortCut" md5="" type="0" size="21142" xxhash=""/>
	<item name="UI_ShowEntiyExtra" md5="" type="0" size="5600" xxhash=""/>
	<item name="UI_ShowTower" md5="" type="0" size="6144" xxhash=""/>
	<item name="UI_Skill" md5="" type="0" size="15400" xxhash=""/>
	<item name="UI_SkillGuideTips" md5="" type="0" size="5680" xxhash=""/>
	<item name="UI_SkillInformation" md5="" type="0" size="16474" xxhash=""/>
	<item name="UI_SkillRecord" md5="" type="0" size="15237" xxhash=""/>
	<item name="UI_SkillRecordNew" md5="" type="0" size="23651" xxhash=""/>
	<item name="UI_Skill_Hero32" md5="" type="0" size="8536" xxhash=""/>
	<item name="UI_SkinCardQuality" md5="" type="0" size="3382" xxhash=""/>
	<item name="UI_SkinCollectShare" md5="" type="0" size="16612" xxhash=""/>
	<item name="UI_SkinColourButton" md5="" type="0" size="5145" xxhash=""/>
	<item name="UI_SkinGift" md5="" type="0" size="12110" xxhash=""/>
	<item name="UI_SkinItem" md5="" type="0" size="20364" xxhash=""/>
	<item name="UI_SkinPresent" md5="" type="0" size="12492" xxhash=""/>
	<item name="UI_SkinPresentFriends" md5="" type="0" size="16261" xxhash=""/>
	<item name="UI_SkinPresentFriends01" md5="" type="0" size="17501" xxhash=""/>
	<item name="UI_SkinPresentFriendsListitem" md5="" type="0" size="9709" xxhash=""/>
	<item name="UI_SkinPresentMessage" md5="" type="0" size="9530" xxhash=""/>
	<item name="UI_SkinSelect" md5="" type="0" size="18869" xxhash=""/>
	<item name="UI_SkinShow" md5="" type="0" size="6957" xxhash=""/>
	<item name="UI_SkinShowSelect" md5="" type="0" size="19650" xxhash=""/>
	<item name="UI_SkinSystem_Setup" md5="" type="0" size="9996" xxhash=""/>
	<item name="UI_SkirmishHero" md5="" type="0" size="10963" xxhash=""/>
	<item name="UI_Social" md5="" type="0" size="17313" xxhash=""/>
	<item name="UI_SpecialEffect" md5="" type="0" size="10836" xxhash=""/>
	<item name="UI_SpringShare" md5="" type="0" size="8448" xxhash=""/>
	<item name="UI_SquardRequests" md5="" type="0" size="10195" xxhash=""/>
	<item name="UI_SquardRequests_tipsNew" md5="" type="0" size="14319" xxhash=""/>
	<item name="UI_StampsTake" md5="" type="0" size="12748" xxhash=""/>
	<item name="UI_Summerdata" md5="" type="0" size="22737" xxhash=""/>
	<item name="UI_Summerdataout" md5="" type="0" size="5251" xxhash=""/>
	<item name="UI_SummonSkill" md5="" type="0" size="13525" xxhash=""/>
	<item name="UI_SurvivalMode_BattleInfo" md5="" type="0" size="21345" xxhash=""/>
	<item name="UI_SwitchHero" md5="" type="0" size="19364" xxhash=""/>
	<item name="UI_SymphonyFlist" md5="" type="0" size="10939" xxhash=""/>
	<item name="UI_SymphonyShop" md5="" type="0" size="10483" xxhash=""/>
	<item name="UI_SystemChooseTip" md5="" type="0" size="9330" xxhash=""/>
	<item name="UI_Systemself_quertyfunction" md5="" type="0" size="13175" xxhash=""/>
	<item name="UI_SystemSetup" md5="" type="0" size="38866" xxhash=""/>
	<item name="UI_SystemSetupTips" md5="" type="0" size="4987" xxhash=""/>
	<item name="UI_SystemSetup_BasicSettings" md5="" type="0" size="47996" xxhash=""/>
	<item name="UI_SystemSetup_California" md5="" type="0" size="7401" xxhash=""/>
	<item name="UI_SystemSetup_InterfaceSettings" md5="" type="0" size="34114" xxhash=""/>
	<item name="UI_SystemSetup_NetworkSettings" md5="" type="0" size="13470" xxhash=""/>
	<item name="UI_SystemSetup_Notice" md5="" type="0" size="11738" xxhash=""/>
	<item name="UI_SystemSetup_OperateSettings" md5="" type="0" size="70969" xxhash=""/>
	<item name="UI_SystemSetup_Privacy" md5="" type="0" size="30373" xxhash=""/>
	<item name="UI_SystemSetup_PrivacyManagement" md5="" type="0" size="26429" xxhash=""/>
	<item name="UI_SystemSetup_Resmanage" md5="" type="0" size="15051" xxhash=""/>
	<item name="UI_SystemSetup_ResmanageContent" md5="" type="0" size="8865" xxhash=""/>
	<item name="UI_SystemSetup_SideMarginSetting" md5="" type="0" size="12190" xxhash=""/>
	<item name="UI_SystemSetup_SoundSetting" md5="" type="0" size="26515" xxhash=""/>
	<item name="UI_SystemTip" md5="" type="0" size="8517" xxhash=""/>
	<item name="UI_SystemTipCommon" md5="" type="0" size="15077" xxhash=""/>
	<item name="UI_SystemTipCommon_Vng" md5="" type="0" size="10421" xxhash=""/>
	<item name="UI_SystemTipFreeze" md5="" type="0" size="11407" xxhash=""/>
	<item name="UI_SystemTipiOS" md5="" type="0" size="8693" xxhash=""/>
	<item name="UI_SystemTipPermission" md5="" type="0" size="9379" xxhash=""/>
	<item name="UI_SystemUnlock" md5="" type="0" size="57447" xxhash=""/>
	<item name="UI_SystemUnlock_new" md5="" type="0" size="57463" xxhash=""/>
	<item name="UI_Targetpro" md5="" type="0" size="11480" xxhash=""/>
	<item name="UI_TaskActivity" md5="" type="0" size="12822" xxhash=""/>
	<item name="UI_TaskActivityNew" md5="" type="0" size="16323" xxhash=""/>
	<item name="UI_TaskAwardShow" md5="" type="0" size="14599" xxhash=""/>
	<item name="UI_TaskNotification" md5="" type="0" size="95291" xxhash=""/>
	<item name="UI_TaskPush" md5="" type="0" size="7441" xxhash=""/>
	<item name="UI_TaskPush_tipsNew" md5="" type="0" size="12436" xxhash=""/>
	<item name="UI_TeamCard" md5="" type="0" size="22996" xxhash=""/>
	<item name="UI_TeamInvite" md5="" type="0" size="17668" xxhash=""/>
	<item name="UI_TeamRace" md5="" type="0" size="20244" xxhash=""/>
	<item name="UI_TeamRaceSetup" md5="" type="0" size="36101" xxhash=""/>
	<item name="UI_TeamRecommendBubble" md5="" type="0" size="15613" xxhash=""/>
	<item name="UI_TeamVote" md5="" type="0" size="19711" xxhash=""/>
	<item name="UI_Temporary_Account" md5="" type="0" size="19025" xxhash=""/>
	<item name="UI_Term" md5="" type="0" size="11698" xxhash=""/>
	<item name="UI_Test" md5="" type="0" size="4347" xxhash=""/>
	<item name="UI_ThirdParty_CPUSpeed" md5="" type="0" size="5401" xxhash=""/>
	<item name="UI_ThirdParty_UUSpeed" md5="" type="0" size="5409" xxhash=""/>
	<item name="UI_TimeBox_Rule" md5="" type="0" size="10296" xxhash=""/>
	<item name="UI_Timeline_MainInterface_Mode" md5="" type="0" size="13609" xxhash=""/>
	<item name="UI_Timeline_MainInterface_Mode_2" md5="" type="0" size="18036" xxhash=""/>
	<item name="UI_Timeline_MainInterFace_Room_FriendList" md5="" type="0" size="15712" xxhash=""/>
	<item name="UI_Tips" md5="" type="0" size="7476" xxhash=""/>
	<item name="UI_TitleCollection" md5="" type="0" size="14056" xxhash=""/>
	<item name="UI_TowerItem" md5="" type="0" size="15097" xxhash=""/>
	<item name="UI_TowerListItem" md5="" type="0" size="9491" xxhash=""/>
	<item name="UI_TowerListItem_Vertical" md5="" type="0" size="9223" xxhash=""/>
	<item name="UI_TowerTabPage" md5="" type="0" size="16117" xxhash=""/>
	<item name="UI_Tutorial" md5="" type="0" size="27672" xxhash=""/>
	<item name="UI_UnbindEmail" md5="" type="0" size="9453" xxhash=""/>
	<item name="UI_Unload" md5="" type="0" size="10742" xxhash=""/>
	<item name="UI_ValueRecord" md5="" type="0" size="10559" xxhash=""/>
	<item name="UI_VictoryDefeat" md5="" type="0" size="98450" xxhash=""/>
	<item name="UI_VideoListItem" md5="" type="0" size="12879" xxhash=""/>
	<item name="UI_VideoShopBuy" md5="" type="0" size="16071" xxhash=""/>
	<item name="UI_ViolationWarning" md5="" type="0" size="13445" xxhash=""/>
	<item name="UI_VoiceChange" md5="" type="0" size="9958" xxhash=""/>
	<item name="UI_VoiceRecognition" md5="" type="0" size="40408" xxhash=""/>
	<item name="UI_WaitingPreb" md5="" type="0" size="3986" xxhash=""/>
	<item name="UI_WaitMe" md5="" type="0" size="32636" xxhash=""/>
	<item name="UI_WareHouse" md5="" type="0" size="13707" xxhash=""/>
	<item name="UI_WarReport" md5="" type="0" size="25642" xxhash=""/>
	<item name="UI_WebLink" md5="" type="0" size="6027" xxhash=""/>
	<item name="UI_WeekDiamond_Main" md5="" type="0" size="43009" xxhash=""/>
	<item name="UI_WishList" md5="" type="0" size="10907" xxhash=""/>
	<item name="UI_Worldtask" md5="" type="0" size="24978" xxhash=""/>
	<item name="UI_Zhandui" md5="" type="0" size="144634" xxhash=""/>
	<item name="UI_ZhanduiBox_Rule" md5="" type="0" size="13289" xxhash=""/>
	<item name="UI_ZhanduiDoubleAward" md5="" type="0" size="7910" xxhash=""/>
	<item name="UI_ZhanduiPopup" md5="" type="0" size="27737" xxhash=""/>
	<item name="UI_Zhandui_BattleInfo" md5="" type="0" size="17367" xxhash=""/>
	<item name="UI_Zhandui_membershow" md5="" type="0" size="13840" xxhash=""/>
	<item name="UI_Zhandui_PushMCL" md5="" type="0" size="12029" xxhash=""/>
	<item name="UI_Zhibojingtou1" md5="" type="0" size="7417" xxhash=""/>
	<item name="PVP_009" md5="" type="5" size="2010090" xxhash=""/>
	<item name="PVP_032_low" md5="" type="5" size="2242002" xxhash=""/>
	<item name="PVP_003" md5="" type="13" size="2708" xxhash=""/>
	<item name="PVP_007" md5="" type="13" size="91080" xxhash=""/>
	<item name="PVP_009" md5="" type="13" size="6293" xxhash=""/>
	<item name="PVP_012" md5="" type="13" size="3994" xxhash=""/>
	<item name="PVP_017" md5="" type="13" size="4882" xxhash=""/>
	<item name="PVP_024" md5="" type="13" size="1382" xxhash=""/>
	<item name="PVP_040" md5="" type="13" size="7213" xxhash=""/>
	<item name="PVP_053" md5="" type="13" size="1759" xxhash=""/>
	<item name="PVP_060" md5="" type="13" size="768" xxhash=""/>
	<item name="bgm_intro.2021.bnk" md5="" type="7" size="147696" xxhash=""/>
	<item name="bgm_loading.2021.bnk" md5="" type="7" size="57066" xxhash=""/>
	<item name="bgm_pvp03.2021.bnk" md5="" type="7" size="795936" xxhash=""/>
	<item name="bgm_select_heros.2021.bnk" md5="" type="7" size="442652" xxhash=""/>
	<item name="Init.2021.bnk" md5="" type="7" size="22621" xxhash=""/>
	<item name="jingle.2021.bnk" md5="" type="7" size="36410" xxhash=""/>
	<item name="sfx_1011.2021.bnk" md5="" type="7" size="119240" xxhash=""/>
	<item name="sfx_1021.2021.bnk" md5="" type="7" size="171646" xxhash=""/>
	<item name="sfx_1161.2021.bnk" md5="" type="7" size="178284" xxhash=""/>
	<item name="sfx_1181.2021.bnk" md5="" type="7" size="140206" xxhash=""/>
	<item name="sfx_1381.2021.bnk" md5="" type="7" size="508866" xxhash=""/>
	<item name="sfx_1601.2021.bnk" md5="" type="7" size="167977" xxhash=""/>
	<item name="sfx_1851.2021.bnk" md5="" type="7" size="213845" xxhash=""/>
	<item name="show_1161.2021.bnk" md5="" type="7" size="41630" xxhash=""/>
	<item name="show_1181.2021.bnk" md5="" type="7" size="63521" xxhash=""/>
	<item name="show_vo_1161.2021.bnk" md5="" type="7" size="15746" xxhash=""/>
	<item name="show_vo_1181.2021.bnk" md5="" type="7" size="12060" xxhash=""/>
	<item name="tutorial.2021.bnk" md5="" type="7" size="1212578" xxhash=""/>
	<item name="ui02_sfx.2021.bnk" md5="" type="7" size="1229073" xxhash=""/>
	<item name="ui03_sfx.2021.bnk" md5="" type="7" size="587186" xxhash=""/>
	<item name="ui_guide.2021.bnk" md5="" type="7" size="69210" xxhash=""/>
	<item name="ui_sfx.2021.bnk" md5="" type="7" size="200605" xxhash=""/>
	<item name="ui_ToNewUI_sfx.2021.bnk" md5="" type="7" size="121635" xxhash=""/>
	<item name="vo_1151.2021.bnk" md5="" type="7" size="170731" xxhash=""/>
	<item name="vo_1161.2021.bnk" md5="" type="7" size="152418" xxhash=""/>
	<item name="vo_1181.2021.bnk" md5="" type="7" size="95577" xxhash=""/>
	<item name="vo_1181_maininterface.2021.bnk" md5="" type="7" size="250133" xxhash=""/>
	<item name="vo_inword_layla.2021.bnk" md5="" type="7" size="63659" xxhash=""/>
	<item name="vo_system.2021.bnk" md5="" type="7" size="1750437" xxhash=""/>
	<item name="vo_system02.2021.bnk" md5="" type="7" size="237515" xxhash=""/>
	<version name="955.2"/>
</root>
